product_code;stock;product_name
2000168110021;1;Комбинезон 830-P355-00 (56/170)
2000168150010;5;Комбинезон 830-P355-00 (58/170)
2000168180017;5;Комбинезон 830-P355-00 (60/170)
2000168200012;4;Комбинезон 830-P355-00 (62/170)
2000168210028;2;Комбинезон 830-P355-00 (62/176)
2000174590015;5;Комбинезон 8831-TWILL-16/77 (44-46/164)
2000174600011;10;Комбинезон 8831-TWILL-16/77 (44-46/170)
2000174610010;14;Комбинезон 8831-TWILL-16/77 (44-46/176)
2000174620019;4;Комбинезон 8831-TWILL-16/77 (44-46/182)
2000174630018;1;Комбинезон 8831-TWILL-16/77 (44-46/188)
2000174640017;4;Комбинезон 8831-TWILL-16/77 (48-50/164)
2000174650016;19;Комбинезон 8831-TWILL-16/77 (48-50/170)
2000174660015;5;Комбинезон 8831-TWILL-16/77 (48-50/176)
2000174670014;15;Комбинезон 8831-TWILL-16/77 (48-50/182)
2000174680013;2;Комбинезон 8831-TWILL-16/77 (48-50/188)
2000174690012;4;Комбинезон 8831-TWILL-16/77 (48-50/194)
2000174700018;2;Комбинезон 8831-TWILL-16/77 (52-54/164)
2000174710017;8;Комбинезон 8831-TWILL-16/77 (52-54/170)
2000174720016;9;Комбинезон 8831-TWILL-16/77 (52-54/176)
2000174730015;27;Комбинезон 8831-TWILL-16/77 (52-54/182)
2000174740014;1;Комбинезон 8831-TWILL-16/77 (52-54/188)
2000174760012;6;Комбинезон 8831-TWILL-16/77 (56-58/164)
2000174770011;5;Комбинезон 8831-TWILL-16/77 (56-58/170)
2000174780010;15;Комбинезон 8831-TWILL-16/77 (56-58/176)
2000174820013;6;Комбинезон 8831-TWILL-16/77 (60-62/164)
2000174830012;7;Комбинезон 8831-TWILL-16/77 (60-62/170)
2000174840011;5;Комбинезон 8831-TWILL-16/77 (60-62/176)
2000174850010;6;Комбинезон 8831-TWILL-16/77 (60-62/182)
2000174860019;2;Комбинезон 8831-TWILL-16/77 (60-62/188)
2000174880017;6;Комбинезон 8831-TWILL-16/77 (64-66/164)
2000174890016;6;Комбинезон 8831-TWILL-16/77 (64-66/170)
2000174900012;9;Комбинезон 8831-TWILL-16/77 (64-66/176)
2000174920010;5;Комбинезон 8831-TWILL-16/77 (64-66/188)
2000225110018;1;Куртка 475TBIG-FAS-14 (76-78/176)
2000225150014;1;Куртка 475TBIG-FAS-14 (80-82/176)
2000225160013;1;Куртка 475TBIG-FAS-14 (80-82/182)
2000225170012;2;Куртка 475TBIG-FAS-14 (80-82/188)
2000225180011;2;Куртка 475TBIG-FAS-14 (80-82/194)
2000240840013;5;Куртка 475TBIG-FAS-24 (56-58/194)
2000478140015;5;Комбинезон 8831-TWILL-16/90 (44-46/188)
2001459803516;1;Бриджи 222B-CY-24 (88-92/158-164)
2001459803608;1;Бриджи 222B-CY-24 (112-116/158-164)
2001459803660;2;Бриджи 222B-CY-24 (128-132/182-188)
2001459803677;1;Бриджи 222B-CY-55 (88-92/158-164)
2001459803769;2;Бриджи 222B-CY-55 (112-116/158-164)
2001459803813;2;Бриджи 222B-CY-55 (128-132/170-176)
2001459821213;2;Куртка 475T-FAS-90 (56-58/170-176)
2001459824849;7;Куртка 379T-P92-00 (52-54/170-176)
2001459824856;21;Куртка 379T-P92-00 (56-58/170-176)
2001459824870;14;Брюки 281T-P159-50 (44-46/170-176)
2001459824894;39;Брюки 281T-P159-50 (48-50/182-188)
2001459824900;37;Брюки 281T-P159-50 (52-54/170-176)
2001459824917;46;Брюки 281T-P159-50 (52-54/182-188)
2001459824924;20;Брюки 281T-P159-50 (56-58/170-176)
2001459824931;19;Брюки 281T-P159-50 (56-58/182-188)
2001459824948;5;Брюки 281T-P159-50 (60-62/170-176)
2001459824955;40;Брюки 281T-P159-50 (48-50/170-176)
2001459827741;1;Куртка 475T-FAS-55 (60-62/182-188)
2001459827758;3;Куртка 475T-FAS-55 (60-62/170-176)
2001459827765;1;Куртка 475T-FAS-55 (64-66/182-188)
2001459831519;1;Комбинезон 830-MU-75 (44-46/164)
2001459831526;3;Комбинезон 830-MU-75 (44-46/170)
2001459831533;7;Комбинезон 830-MU-75 (44-46/176)
2001459831540;1;Комбинезон 830-MU-75 (48-50/170)
2001459831588;6;Комбинезон 830-MU-75 (52-54/170)
2001459831595;4;Комбинезон 830-MU-75 (52-54/176)
2001459831601;3;Комбинезон 830-MU-75 (52-54/182)
2001459831625;4;Комбинезон 830-MU-75 (56-58/176)
2001459831632;1;Комбинезон 830-MU-75 (56-58/182)
2001459831656;1;Комбинезон 830-MU-75 (60-62/182)
2001459834572;2;Комбинезон 8831-TWILL-16/58 (48-50/170)
2001459834589;8;Комбинезон 8831-TWILL-16/58 (48-50/176)
2001459834596;9;Комбинезон 8831-TWILL-16/58 (48-50/182)
2001459834602;1;Комбинезон 8831-TWILL-16/58 (48-50/188)
2001459834633;8;Комбинезон 8831-TWILL-16/58 (52-54/182)
2001459834657;4;Комбинезон 8831-TWILL-16/58 (56-58/176)
2001459835449;4;Куртка 314-TOMBOY-81 (48-50/182)
2001459835456;15;Куртка 314-TOMBOY-81 (52-54/188)
2001459835463;3;Куртка 314-TOMBOY-81 (56-58/194)
2001459835470;6;Куртка 314-TOMBOY-81 (60-62/164)
2001459835487;11;Куртка 314-TOMBOY-81 (60-62/188)
2001459835494;6;Куртка 314-TOMBOY-81 (64-66/188)
2001459835500;2;Куртка 314-TOMBOY-58 (56-58/164)
2001459835517;3;Куртка 314-TOMBOY-58 (60-62/158)
2001459835524;2;Куртка 314-TOMBOY-58 (60-62/170)
2001459835548;5;Куртка 314-TOMBOY-58 (44-46/170)
2001459835555;4;Куртка 314-TOMBOY-58 (44-46/176)
2001459835586;1;Куртка 314-TOMBOY-58 (56-58/182)
2001459835593;3;Куртка 314-TOMBOY-15 (40-42/176)
2001459835609;3;Куртка 314-TOMBOY-15 (44-46/176)
2001459835616;2;Куртка 314-TOMBOY-15 (52-54/164)
2001459835623;1;Куртка 314-TOMBOY-15 (60-62/188)
2001459835661;12;Куртка 314-TOMBOY-80 (52-54/170)
2001459835791;3;Куртка 314-TOMBOY-13 (36-38/158)
2001459835814;3;Куртка 314-TOMBOY-13 (60-62/164)
2001459835838;2;Куртка 314-TOMBOY-13 (60-62/176)
2001459835869;11;Куртка 314-TOMBOY-13 (60-62/188)
2001459835883;2;Куртка 314-TOMBOY-13 (60-62/194)
2001459835906;3;Куртка 314-TOMBOY-13 (40-42/170)
2001459835913;6;Куртка 314-TOMBOY-13 (60-62/170)
2001459841457;10;Куртка 314-TOMBOY-00 (40-42/152)
2001459841464;7;Куртка 314-TOMBOY-00 (40-42/170)
2001459841495;181;Куртка 314-TOMBOY-00 (44-46/170)
2001459841501;13;Куртка 314-TOMBOY-00 (44-46/176)
2001459841518;2;Куртка 314-TOMBOY-00 (44-46/182)
2001459845004;18;Комбинезон 888N-TWILL-16/58 (44-46/170)
2001459845059;34;Комбинезон 888N-TWILL-16/58 (48-50/170)
2001459845073;30;Комбинезон 888N-TWILL-16/58 (48-50/176)
2001459845080;35;Комбинезон 888N-TWILL-16/58 (48-50/182)
2001459845097;12;Комбинезон 888N-TWILL-16/58 (48-50/188)
2001459845103;19;Комбинезон 888N-TWILL-16/58 (52-54/170)
2001459845110;15;Комбинезон 888N-TWILL-16/58 (52-54/176)
2001459845127;38;Комбинезон 888N-TWILL-16/58 (52-54/182)
2001459845134;6;Комбинезон 888N-TWILL-16/58 (52-54/188)
2001459845158;4;Комбинезон 888N-TWILL-16/58 (56-58/176)
2001459845981;2;Куртка 442KC-TWILL-90 (44-46/158-164)
2001459845998;2;Куртка 442KC-TWILL-90 (44-46/170-176)
2001459846018;4;Куртка 442KC-TWILL-90 (48-50/182-188)
2001459846025;1;Куртка 442KC-TWILL-90 (52-54/170-176)
2001459846032;2;Куртка 442KC-TWILL-90 (52-54/182-188)
2001459846049;7;Куртка 442KC-TWILL-90 (56-58/182-188)
2001459846056;8;Куртка 442KC-TWILL-90 (60-62/182-188)
2001459848050;3;Комбинезон 8831-TWILL-16/90 (44-46/176)
2001459849323;8;Жилет 791E-TASLAN-80 (44-46/170-176)
2001459849330;5;Жилет 791E-TASLAN-80 (48-50/158-164)
2001459849347;14;Жилет 791E-TASLAN-80 (48-50/170-176)
2001459849354;22;Жилет 791E-TASLAN-80 (48-50/182-188)
2001459849361;11;Жилет 791E-TASLAN-80 (52-54/170-176)
2001459849378;24;Жилет 791E-TASLAN-80 (52-54/182-188)
2001459853849;11;Жилет 791E-TASLAN-75 (44-46/170-176)
2001459853856;14;Жилет 791E-TASLAN-75 (48-50/170-176)
2001459853863;11;Жилет 791E-TASLAN-75 (52-54/170-176)
2001459853870;9;Жилет 791E-TASLAN-75 (56-58/182-188)
2001459854044;3;Жилет 791E-TASLAN-80 (52-54/158-164)
2001459854051;6;Жилет 791E-TASLAN-80 (56-58/170-176)
2001459854068;8;Жилет 791E-TASLAN-80 (60-62/182-188)
2001459854235;5;Куртка 442KC-TASLAN-90 (44-46/170-176)
2001459854242;3;Куртка 442KC-TASLAN-90 (48-50/158-164)
2001459854259;1;Куртка 442KC-TASLAN-90 (48-50/170-176)
2001459854266;2;Куртка 442KC-TASLAN-90 (48-50/182-188)
2001459854280;1;Куртка 442KC-TASLAN-90 (52-54/182-188)
2001459854297;11;Куртка 442KC-TASLAN-90 (56-58/182-188)
2001459854303;2;Куртка 442KC-TASLAN-15 (44-46/170-176)
2001459854310;1;Куртка 442KC-TASLAN-15 (48-50/158-164)
2001459854327;2;Куртка 442KC-TASLAN-15 (48-50/170-176)
2001459854334;11;Куртка 442KC-TASLAN-15 (48-50/182-188)
2001459854341;2;Куртка 442KC-TASLAN-15 (52-54/170-176)
2001459854358;5;Куртка 442KC-TASLAN-15 (52-54/182-188)
2001459854402;3;Комбинезон 8831-TWILL-16/58 (44-46/164)
2001459854419;10;Комбинезон 8831-TWILL-16/58 (44-46/176)
2001459854426;7;Комбинезон 8831-TWILL-16/58 (60-62/182)
2001459854433;11;Комбинезон 8831-TWILL-16/58 (64-66/182)
2001459854440;1;Комбинезон 8831-TWILL FT-16/15 (44-46/164)
2001459854457;7;Комбинезон 8831-TWILL FT-16/15 (44-46/176)
2001459854464;2;Комбинезон 8831-TWILL FT-16/15 (48-50/170)
2001459854471;1;Комбинезон 8831-TWILL FT-16/15 (48-50/176)
2001459854518;2;Комбинезон 8831-TWILL FT-16/15 (52-54/182)
2001459854525;1;Комбинезон 8831-TWILL FT-16/15 (52-54/188)
2001459854532;4;Комбинезон 8831-TWILL FT-16/15 (60-62/182)
2001459855164;1;Куртка 314-TOMBOY-00 (40-42/158)
2001459855171;2;Куртка 314-TOMBOY-13 (44-46/182)
2001459855188;48;Куртка 314-TOMBOY-00 (40-42/164)
2001459855195;3;Куртка 314-TOMBOY-13 (44-46/188)
2001459855218;1;Куртка 314-TOMBOY-13 (56-58/170)
2001459855249;5;Куртка 314-TOMBOY-13 (56-58/182)
2001459855256;2;Куртка 314-TOMBOY-13 (56-58/200)
2001459855317;1;Куртка 314-TOMBOY-13 (64-66/188)
2001459855331;1;Куртка 314-TOMBOY-13 (64-66/194)
2001459855379;1;Куртка 314-TOMBOY-15 (40-42/164)
2001459855409;23;Куртка 314-TOMBOY-00 (48-50/176)
2001459855416;3;Куртка 314-TOMBOY-58 (44-46/152)
2001459855423;6;Куртка 314-TOMBOY-00 (48-50/182)
2001459855447;3;Куртка 314-TOMBOY-58 (56-58/158)
2001459855485;1;Куртка 314-TOMBOY-58 (60-62/182)
2001459855492;8;Куртка 314-TOMBOY-00 (52-54/176)
2001459855515;3;Куртка 314-TOMBOY-00 (52-54/182)
2001459855522;4;Куртка 314-TOMBOY-80 (48-50/176)
2001459855560;2;Куртка 314-TOMBOY-00 (52-54/188)
2001459855577;5;Куртка 314-TOMBOY-81 (40-42/164)
2001459855584;47;Куртка 314-TOMBOY-00 (56-58/182)
2001459855591;34;Куртка 314-TOMBOY-81 (44-46/170)
2001459855607;1;Куртка 314-TOMBOY-00 (56-58/176)
2001459855614;2;Куртка 314-TOMBOY-81 (48-50/176)
2001459855638;5;Куртка 314-TOMBOY-81 (52-54/176)
2001459855669;26;Куртка 314-TOMBOY-81 (56-58/182)
2001459855676;3;Куртка 314-TOMBOY-00 (64-66/188)
2001459855690;7;Куртка 314-TOMBOY-81 (56-58/188)
2001459855706;1;Куртка 314-TOMBOY-13 (40-42/158)
2001459855720;15;Куртка 314-TOMBOY-13 (40-42/164)
2001459855737;69;Куртка 314-TOMBOY-13 (44-46/170)
2001459855751;4;Куртка 314-TOMBOY-13 (44-46/176)
2001459860090;14;Полукомбинезон 51-2-P154-55 (48-50/170-176)
2001459860120;6;Полукомбинезон 51-2-P154-55 (52-54/182-188)
2001459860267;7;Полукомбинезон 51-2-P154-15 (48-50/182-188)
2001459860298;4;Полукомбинезон 51-2-P154-15 (56-58/170-176)
2001459860304;0;Полукомбинезон 51-2-P154-15 (56-58/182-188)
2001459860311;1;Полукомбинезон 51-2-P154-15 (60-62/170-176)
2001459860328;1;Полукомбинезон 51-2-P154-15 (60-62/182-188)
2001459860625;11;Куртка 442KC-TWILL-90 (56-58/170-176)
2001459860892;21;Комбинезон 830-MU-00 (52-54/176)
2001459860908;8;Комбинезон 830-MU-00 (52-54/182)
2001459864098;1;Комбинезон 8831F-PP-71/55 (52-54/170)
2001459864463;6;Куртка 442KC-TWILL-90 (60-62/170-176)
2001459864913;6;Комбинезон 830W-P155-15 (44-46/176)
2001459864920;6;Комбинезон 830W-P155-15 (48-50/170)
2001459864937;16;Комбинезон 830W-P155-15 (48-50/176)
2001459864944;12;Комбинезон 830W-P155-15 (48-50/182)
2001459864975;12;Комбинезон 830W-P155-15 (52-54/176)
2001459865224;6;Комбинезон 818N-PP-15/71 (52-54/176)
2001459865248;18;Комбинезон 818N-PP-15/71 (52-54/188)
2001459865927;359;Комплект карманов 1FPF-1RPF-FAS-90
2001459866276;7;Полукомбинезон 51-2-MU-15 (48-50/182-188)
2001459868713;14;Комбинезон 830-MU-00 (56-58/182)
2001459868720;8;Комбинезон 830-MU-00 (60-62/182)
2001459869284;10;Комбинезон 830-MU-15 (44-46/170)
2001459869291;4;Комбинезон 830-MU-15 (44-46/176)
2001459869307;11;Комбинезон 830-MU-15 (48-50/170)
2001459869314;14;Комбинезон 830-MU-15 (48-50/176)
2001459869321;11;Комбинезон 830-MU-15 (48-50/182)
2001459869345;0;Комбинезон 830-MU-15 (52-54/182)
2001459869369;6;Комбинезон 830-MU-15 (56-58/176)
2001459869376;3;Комбинезон 830-MU-15 (56-58/182)
2001459869918;15;Комбинезон 818N-PP-15/71 (48-50/188)
2001459869925;2;Комбинезон 818N-PP-15/71 (56-58/176)
2001459869932;12;Комбинезон 818N-PP-15/71 (56-58/188)
2001459869956;1;Комбинезон 818N-PP-80/71 (48-50/188)
2001459869963;9;Комбинезон 818N-PP-80/71 (52-54/176)
2001459869970;1;Комбинезон 818N-PP-80/71 (52-54/188)
2001459869987;3;Комбинезон 818N-PP-80/71 (56-58/176)
2001459869994;7;Комбинезон 818N-PP-80/71 (56-58/188)
2001459871348;14;Комбинезон 888N-TWILL-16/58 (56-58/182)
2001459871355;10;Комбинезон 888N-TWILL-16/58 (60-62/176)
2001459871362;6;Комбинезон 888N-TWILL-16/58 (60-62/182)
2001459871379;7;Комбинезон 888N-TWILL-16/58 (60-62/188)
2001459871386;13;Комбинезон 888N-TWILL-16/58 (64-66/182)
2001459872437;1;Комбинезон 8831-TWILL-16/90 (48-50/188)
2001459872505;2;Комбинезон 8831-TWILL-16/90 (60-62/182)
2001459872512;6;Комбинезон 8831-TWILL-16/90 (64-66/182)
2001459872536;5;Комбинезон 8831-TWILL-71/58 (64-66/182)
2001459872543;4;Комбинезон 8831-TWILL-16/90 (48-50/182)
2001459872925;4;Комбинезон 830-MU-75 (56-58/170)
2001459872949;14;Комбинезон 830-MU-00 (56-58/170)
2001459872956;12;Комбинезон 830-MU-00 (56-58/176)
2001459872963;13;Комбинезон 830-MU-00 (56-58/188)
2001459872970;6;Комбинезон 830-MU-00 (60-62/176)
2001459872987;8;Комбинезон 830-MU-00 (60-62/188)
2001459872994;9;Комбинезон 830-MU-00 (64-66/182)
2001459873892;7;Жилет 791E-TASLAN-75 (44-46/158-164)
2001459873908;5;Жилет 791E-TASLAN-75 (48-50/182-188)
2001459873915;13;Жилет 791E-TASLAN-75 (52-54/182-188)
2001459873922;5;Жилет 791E-TASLAN-75 (56-58/170-176)
2001459873939;6;Жилет 791E-TASLAN-75 (60-62/182-188)
2001459873946;6;Жилет 791E-TASLAN-75 (64-66/182-188)
2001459874417;8;Жилет 791E-TASLAN-80 (44-46/158-164)
2001459874424;8;Жилет 791E-TASLAN-80 (60-62/170-176)
2001459874431;5;Жилет 791E-TASLAN-80 (64-66/182-188)
2001459874455;6;Жилет 791E-TASLAN-75 (60-62/170-176)
2001459874462;3;Куртка 442KC-TWILL-90 (64-66/182-188)
2001459874769;5;Комбинезон 8831-TWILL-16/58 (56-58/170)
2001459874776;8;Комбинезон 8831-TWILL-16/58 (60-62/188)
2001459874783;11;Комбинезон 888N-TWILL-16/58 (44-46/176)
2001459875193;1;Комбинезон 8831F-PP-80/55 (44-46/170)
2001459875247;1;Комбинезон 8831F-PP-80/55 (52-54/176)
2001459875261;2;Комбинезон 8831F-PP-80/55 (56-58/176)
2001459875278;1;Комбинезон 8831F-PP-80/55 (56-58/182)
2001459875285;6;Комбинезон 8831F-PP-13/77 (44-46/170)
2001459875292;3;Комбинезон 8831F-PP-13/77 (48-50/170)
2001459875308;6;Комбинезон 8831F-PP-13/77 (48-50/176)
2001459875315;2;Комбинезон 8831F-PP-13/77 (48-50/182)
2001459875322;2;Комбинезон 8831F-PP-13/77 (52-54/176)
2001459875339;3;Комбинезон 8831F-PP-13/77 (52-54/182)
2001459875346;2;Комбинезон 8831F-PP-13/77 (52-54/188)
2001459875353;6;Комбинезон 8831F-PP-13/77 (56-58/176)
2001459875360;5;Комбинезон 8831F-PP-13/77 (56-58/182)
2001459875476;3;Куртка 442KC-TASLAN-90 (44-46/158-164)
2001459875483;5;Куртка 442KC-TASLAN-90 (56-58/170-176)
2001459875490;5;Куртка 442KC-TASLAN-90 (60-62/170-176)
2001459875506;5;Куртка 442KC-TASLAN-90 (60-62/182-188)
2001459875513;4;Куртка 442KC-TASLAN-90 (64-66/170-176)
2001459875520;4;Куртка 442KC-TASLAN-90 (64-66/182-188)
2001459875759;1;Куртка 442KC-TASLAN-15 (44-46/158-164)
2001459875766;11;Куртка 442KC-TASLAN-15 (56-58/170-176)
2001459875773;14;Куртка 442KC-TASLAN-15 (56-58/182-188)
2001459875780;3;Куртка 442KC-TASLAN-15 (60-62/170-176)
2001459875797;2;Куртка 442KC-TASLAN-15 (60-62/182-188)
2001459875803;6;Куртка 442KC-TASLAN-15 (64-66/182-188)
2001459876848;17;Куртка 379A-TRENDLITE-81/57 (44-46/170-176)
2001459876855;35;Куртка 379A-TRENDLITE-81/57 (48-50/170-176)
2001459876862;37;Куртка 379A-TRENDLITE-81/57 (48-50/182-188)
2001459876879;29;Куртка 379A-TRENDLITE-81/57 (52-54/170-176)
2001459876886;41;Куртка 379A-TRENDLITE-81/57 (52-54/182-188)
2001459876893;10;Куртка 379A-TRENDLITE-81/57 (56-58/170-176)
2001459876909;18;Куртка 379A-TRENDLITE-81/57 (56-58/182-188)
2001459876978;1;Куртка 379A-P159-83/57 (56-58/182-188)
2001459877043;3;Куртка 475TBIG-FAS-14 (52-54/194-200)
2001459877050;4;Куртка 475TBIG-FAS-14 (56-58/194-200)
2001459877067;3;Куртка 475TBIG-FAS-14 (60-62/194-200)
2001459877081;6;Куртка 475TBIG-FAS-14 (68-70/170-176)
2001459877104;6;Куртка 475TBIG-FAS-14 (72-74/170-176)
2001459877111;8;Куртка 475TBIG-FAS-14 (72-74/182-188)
2001459877128;7;Куртка 475TBIG-FAS-14 (76-78/170-176)
2001459877135;10;Куртка 475TBIG-FAS-14 (76-78/182-188)
2001459877142;6;Куртка 475TBIG-FAS-14 (80-82/170-176)
2001459877159;2;Куртка 475TBIG-FAS-14 (80-82/182-188)
2001459877166;3;Куртка 475T-FAS-55 (44-46/158-164)
2001459877173;6;Куртка 475T-FAS-55 (64-66/170-176)
2001459877791;5;Куртка 442NU-TASLAN-90/51 (48-50/170-176)
2001459877807;31;Куртка 442NU-TASLAN-90/51 (48-50/182-188)
2001459877814;22;Куртка 442NU-TASLAN-90/51 (52-54/170-176)
2001459877821;23;Куртка 442NU-TASLAN-90/51 (52-54/182-188)
2001459877838;4;Куртка 442NU-TASLAN-90/51 (56-58/170-176)
2001459877845;2;Куртка 442NU-TASLAN-90/51 (56-58/182-188)
2001459877869;11;Куртка 374M-EASN-00/55 (44-46/158-164)
2001459877876;1;Куртка 374M-EASN-00/55 (44-46/170-176)
2001459877883;7;Куртка 374M-EASN-00/55 (48-50/158-164)
2001459877890;18;Куртка 374M-EASN-00/55 (48-50/170-176)
2001459877906;26;Куртка 374M-EASN-00/55 (48-50/182-188)
2001459877913;21;Куртка 374M-EASN-00/55 (52-54/170-176)
2001459877920;14;Куртка 374M-EASN-00/55 (52-54/182-188)
2001459877937;14;Куртка 374M-EASN-00/55 (56-58/170-176)
2001459877944;13;Куртка 374M-EASN-00/55 (56-58/182-188)
2001459877951;3;Полукомбинезон 51M-2-EASN-00/55 (44-46/158-164)
2001459877968;2;Полукомбинезон 51M-2-EASN-00/55 (44-46/170-176)
2001459877975;1;Полукомбинезон 51M-2-EASN-00/55 (48-50/158-164)
2001459878026;3;Полукомбинезон 51M-2-EASN-00/55 (56-58/170-176)
2001459878033;7;Полукомбинезон 51M-2-EASN-00/55 (56-58/182-188)
2001459878446;5;Жилет 791E-TASLAN-80 (64-66/170-176)
2001459879085;3;Комбинезон 830-SU-77 (56-58/170)
2001459879092;11;Комбинезон 830-SU-77 (56-58/176)
2001459879511;12;Куртка 379T-P92-00 (52-54/182-188)
2001459879528;20;Куртка 379T-P92-00 (56-58/182-188)
2001459879535;1;Куртка 379T-P92-00 (60-62/170-176)
2001459879542;6;Куртка 379T-P92-00 (60-62/182-188)
2001459879559;1;Куртка 379T-P92-00 (64-66/182-188)
2001459880043;26;Полукомбинезон 51-2-P154-14 (48-50/170-176)
2001459880050;48;Полукомбинезон 51-2-P154-14 (48-50/182-188)
2001459880067;19;Полукомбинезон 51-2-P154-14 (52-54/170-176)
2001459880074;27;Полукомбинезон 51-2-P154-14 (52-54/182-188)
2001459880081;9;Полукомбинезон 51-2-P154-14 (56-58/170-176)
2001459880098;3;Полукомбинезон 51-2-P154-14 (56-58/182-188)
2001459880128;10;Брюки 255M-EASN-00/55 (44-46/158-164)
2001459880135;3;Брюки 255M-EASN-00/55 (44-46/170-176)
2001459880142;6;Брюки 255M-EASN-00/55 (48-50/158-164)
2001459880159;20;Брюки 255M-EASN-00/55 (48-50/170-176)
2001459880166;2;Брюки 255M-EASN-00/55 (48-50/182-188)
2001459880173;12;Брюки 255M-EASN-00/55 (52-54/170-176)
2001459880180;5;Брюки 255M-EASN-00/55 (56-58/170-176)
2001459880197;8;Брюки 255M-EASN-00/55 (56-58/182-188)
2001459880241;13;Брюки 255M-EASN-00/55 (52-54/182-188)
2001459880807;9;Комбинезон 818N-PP-58/71 (56-58/176)
2001459880814;4;Комбинезон 818N-PP-58/71 (56-58/188)
2001459881613;12;Бриджи 222B-CAN-24 (44-46/170-176)
2001459881620;31;Бриджи 222B-CAN-24 (48-50/170-176)
2001459881637;24;Бриджи 222B-CAN-24 (48-50/182-188)
2001459881644;15;Бриджи 222B-CAN-24 (52-54/170-176)
2001459881651;27;Бриджи 222B-CAN-24 (52-54/182-188)
2001459881668;8;Бриджи 222B-CAN-24 (56-58/170-176)
2001459881675;16;Бриджи 222B-CAN-24 (56-58/182-188)
2001459881682;1;Бриджи 222B-CAN-24 (60-62/182-188)
2001459881705;3;Бриджи 222B1-CY-05 (48-50/170-176)
2001459881712;4;Бриджи 222B1-CY-05 (48-50/182-188)
2001459881736;2;Бриджи 222B1-CY-05 (52-54/182-188)
2001459881743;4;Бриджи 222B1-CY-05 (56-58/170-176)
2001459881750;5;Бриджи 222B1-CY-05 (56-58/182-188)
2001459882016;13;Комбинезон 830-MU-00 (40-42/158)
2001459882023;6;Комбинезон 830-MU-00 (40-42/164)
2001459882030;3;Комбинезон 830-MU-00 (64-66/176)
2001459882047;5;Комбинезон 830-MU-00 (64-66/188)
2001459882474;13;Комбинезон 888N-TWILL-16/58 (48-50/164)
2001459882481;9;Комбинезон 888N-TWILL-16/58 (64-66/176)
2001459882498;8;Комбинезон 888N-TWILL-16/58 (64-66/188)
2001459882931;2;Куртка 442KC-TWILL-14 (44-46/158-164)
2001459882948;2;Куртка 442KC-TWILL-14 (44-46/170-176)
2001459882955;3;Куртка 442KC-TWILL-14 (48-50/158-164)
2001459882962;3;Куртка 442KC-TWILL-14 (48-50/170-176)
2001459882979;20;Куртка 442KC-TWILL-14 (48-50/182-188)
2001459882986;2;Куртка 442KC-TWILL-14 (52-54/170-176)
2001459882993;3;Куртка 442KC-TWILL-14 (52-54/182-188)
2001459883006;5;Куртка 442KC-TWILL-14 (56-58/170-176)
2001459883013;9;Куртка 442KC-TWILL-14 (56-58/182-188)
2001459883020;4;Куртка 442KC-TWILL-14 (60-62/170-176)
2001459883037;2;Куртка 442KC-TWILL-14 (60-62/182-188)
2001459883044;6;Куртка 442KC-TWILL-14 (64-66/170-176)
2001459883051;5;Куртка 442KC-TWILL-14 (64-66/182-188)
2001459883068;4;Куртка 442KC-TASLAN-15 (64-66/170-176)
2001459883396;4;Комбинезон 8831F-PP-80/55 (60-62/194)
2001459884195;1;Жилет 791E-TASLAN-14 (52-54/170-176)
2001459884256;1;Жилет 791E-TASLAN-14 (56-58/182-188)
2001459884317;2;Жилет 791E-TASLAN-14 (64-66/170-176)
2001459884324;2;Жилет 791E-TASLAN-51 (56-58/182-188)
2001459884348;3;Жилет 791E-TASLAN-51 (60-62/170-176)
2001459884355;2;Жилет 791E-TASLAN-51 (60-62/182-188)
2001459884362;2;Жилет 791E-TASLAN-51 (64-66/170-176)
2001459884379;3;Жилет 791E-TASLAN-51 (64-66/182-188)
2001459884386;23;Комбинезон 830-SU-79 (40-42/158)
2001459884393;9;Комбинезон 830-SU-79 (40-42/164)
2001459884430;4;Комбинезон 830-SU-79 (48-50/164)
2001459884492;6;Комбинезон 830-SU-79 (52-54/176)
2001459884508;5;Комбинезон 830-SU-79 (52-54/182)
2001459884522;3;Комбинезон 830-SU-79 (56-58/170)
2001459884546;1;Комбинезон 830-SU-79 (56-58/182)
2001459885451;8;Полукомбинезон 51-2-P154-14 (44-46/158-164)
2001459885468;14;Полукомбинезон 51-2-P154-14 (44-46/170-176)
2001459885499;1;Полукомбинезон 51-2-P154-14 (64-66/170-176)
2001459885505;7;Комбинезон 830-MU-75 (40-42/158)
2001459885512;6;Комбинезон 830-MU-75 (40-42/164)
2001459885697;6;Куртка 379A-P159-00/57 (56-58/182-188)
2001459885710;3;Куртка 379A-P159-00/57 (60-62/182-188)
2001459885765;11;Полукомбинезон 51-2-P154-21 (48-50/182-188)
2001459885772;1;Полукомбинезон 51-2-P154-21 (52-54/170-176)
2001459885789;6;Полукомбинезон 51-2-P154-21 (52-54/182-188)
2001459885796;4;Полукомбинезон 51-2-P154-21 (56-58/170-176)
2001459885802;1;Полукомбинезон 51-2-P154-21 (56-58/182-188)
2001459886175;2;Полукомбинезон 51-2-P154-14 (60-62/182-188)
2001459886182;5;Полукомбинезон 51-2-P154-14 (64-66/182-188)
2001459887615;5;Комбинезон 818N-PP-80/71 (60-62/176)
2001459887622;3;Комбинезон 818N-PP-80/71 (60-62/188)
2001459887639;4;Бриджи 222B-CAN-24 (44-46/158-164)
2001459887646;4;Бриджи 222B-CAN-24 (60-62/170-176)
2001459887653;5;Бриджи 222B-CAN-24 (64-66/170-176)
2001459887660;6;Бриджи 222B-CAN-24 (64-66/182-188)
2001459887677;5;Бриджи 222B-CY-31 (44-46/158-164)
2001459887684;1;Бриджи 222B-CY-31 (44-46/170-176)
2001459887707;7;Бриджи 222B-CY-31 (48-50/182-188)
2001459887714;3;Бриджи 222B-CY-31 (52-54/170-176)
2001459887721;13;Бриджи 222B-CY-31 (52-54/182-188)
2001459887738;2;Бриджи 222B-CY-31 (56-58/170-176)
2001459887745;4;Бриджи 222B-CY-31 (56-58/182-188)
2001459887752;6;Бриджи 222B-CY-31 (60-62/170-176)
2001459887769;4;Бриджи 222B-CY-31 (60-62/182-188)
2001459887776;2;Бриджи 222B-CY-31 (64-66/182-188)
2001459888865;4;Брюки 255M-CY-05/55 (44-46/158-164)
2001459888872;1;Брюки 255M-CY-05/55 (44-46/170-176)
2001459888889;1;Брюки 255M-CY-05/55 (48-50/158-164)
2001459888933;2;Брюки 255M-CY-05/55 (56-58/170-176)
2001459888940;1;Брюки 255M-CY-05/55 (56-58/182-188)
2001459889077;3;Полукомбинезон 51-2-TR154-15 (44-46/158-164)
2001459889084;1;Полукомбинезон 51-2-TR154-15 (44-46/170-176)
2001459889091;5;Полукомбинезон 51-2-TR154-15 (48-50/170-176)
2001459889107;14;Полукомбинезон 51-2-TR154-15 (48-50/182-188)
2001459889121;6;Полукомбинезон 51-2-TR154-15 (52-54/182-188)
2001459889176;1;Полукомбинезон 51-2-TR154-15 (64-66/170-176)
2001459889190;3;Комбинезон 827R-MU-75 (44-46/170)
2001459889206;1;Комбинезон 827R-MU-75 (44-46/176)
2001459889213;6;Комбинезон 827R-MU-75 (48-50/164)
2001459889220;9;Комбинезон 827R-MU-75 (48-50/170)
2001459889237;5;Комбинезон 827R-MU-75 (48-50/176)
2001459889244;3;Комбинезон 827R-MU-75 (48-50/182)
2001459889251;3;Комбинезон 827R-MU-75 (48-50/188)
2001459889350;1;Комбинезон 827R-MU-75 (60-62/188)
2001459889626;10;Брюки 281T-P159-50 (44-46/158-164)
2001459889633;1;Брюки 281T-P159-50 (48-50/158-164)
2001459889640;6;Брюки 281T-P159-50 (60-62/182-188)
2001459889664;3;Брюки 281T-P159-50 (64-66/182-188)
2001459889725;2;Комбинезон 890-P159-22 (48-50/188)
2001459889763;1;Комбинезон 890-P159-22 (52-54/188)
2001459889770;4;Комбинезон 890-P159-22 (56-58/170)
2001459889787;6;Комбинезон 890-P159-22 (56-58/176)
2001459889817;1;Комбинезон 890-P159-22 (60-62/176)
2001459889824;5;Комбинезон 890-P159-22 (60-62/182)
2001459889831;3;Комбинезон 890-P159-22 (60-62/188)
2001459889848;6;Комбинезон 890-P159-22 (64-66/176)
2001459889855;6;Комбинезон 890-P159-22 (64-66/182)
2001459889862;3;Комбинезон 890-P159-22 (64-66/188)
2001459890103;12;Комбинезон 888N-TWILL-16/58 (44-46/164)
2001459890127;2;Комбинезон 830-P165-11 (44-46/164)
2001459890134;4;Комбинезон 830-P165-11 (44-46/170)
2001459890141;9;Комбинезон 830-P165-11 (44-46/176)
2001459890158;3;Комбинезон 830-P165-11 (48-50/164)
2001459890165;17;Комбинезон 830-P165-11 (48-50/170)
2001459890172;27;Комбинезон 830-P165-11 (48-50/176)
2001459890189;23;Комбинезон 830-P165-11 (48-50/182)
2001459890196;3;Комбинезон 830-P165-11 (48-50/188)
2001459890202;7;Комбинезон 830-P165-11 (52-54/170)
2001459890219;20;Комбинезон 830-P165-11 (52-54/176)
2001459890226;27;Комбинезон 830-P165-11 (52-54/182)
2001459890233;19;Комбинезон 830-P165-11 (52-54/188)
2001459890240;8;Комбинезон 830-P165-11 (56-58/170)
2001459890257;11;Комбинезон 830-P165-11 (56-58/176)
2001459890264;12;Комбинезон 830-P165-11 (56-58/182)
2001459890271;5;Комбинезон 830-P165-11 (56-58/188)
2001459890288;6;Комбинезон 830-P165-11 (60-62/176)
2001459890295;6;Комбинезон 830-P165-11 (60-62/182)
2001459890301;4;Комбинезон 830-P165-11 (60-62/188)
2001459890318;4;Комбинезон 830-P165-11 (64-66/176)
2001459890325;6;Комбинезон 830-P165-11 (64-66/182)
2001459890332;4;Комбинезон 830-P165-11 (64-66/188)
2001459890349;8;Комбинезон 830-P159-70 (44-46/164)
2001459890356;7;Комбинезон 830-P159-70 (44-46/170)
2001459890363;5;Комбинезон 830-P159-70 (44-46/176)
2001459890370;5;Комбинезон 830-P159-70 (48-50/164)
2001459890387;10;Комбинезон 830-P159-70 (48-50/170)
2001459890394;18;Комбинезон 830-P159-70 (48-50/176)
2001459890400;10;Комбинезон 830-P159-70 (48-50/182)
2001459890417;3;Комбинезон 830-P159-70 (48-50/188)
2001459890424;10;Комбинезон 830-P159-70 (52-54/170)
2001459890431;18;Комбинезон 830-P159-70 (52-54/176)
2001459890448;20;Комбинезон 830-P159-70 (52-54/182)
2001459890455;12;Комбинезон 830-P159-70 (52-54/188)
2001459890462;8;Комбинезон 830-P159-70 (56-58/170)
2001459890479;10;Комбинезон 830-P159-70 (56-58/176)
2001459890486;9;Комбинезон 830-P159-70 (56-58/182)
2001459890493;6;Комбинезон 830-P159-70 (56-58/188)
2001459890509;5;Комбинезон 830-P159-70 (60-62/176)
2001459890516;6;Комбинезон 830-P159-70 (60-62/182)
2001459890523;6;Комбинезон 830-P159-70 (60-62/188)
2001459890530;5;Комбинезон 830-P159-70 (64-66/176)
2001459890547;5;Комбинезон 830-P159-70 (64-66/182)
2001459890554;6;Комбинезон 830-P159-70 (64-66/188)
2001459891384;4;Комбинезон 8831-TWILL-16/58 (48-50/164)
2001459891414;6;Комбинезон 8831-TWILL-16/58 (64-66/188)
2001459891421;3;Комбинезон 818N-PP-15/71 (60-62/176)
2001459891469;10;Полукомбинезон 51-3-P154-15 (48-50/182-188)
2001459891483;7;Полукомбинезон 51-3-P154-15 (52-54/182-188)
2001459891506;5;Куртка 442KC-PP-15 (44-46/158-164)
2001459891513;8;Куртка 442KC-PP-15 (44-46/170-176)
2001459891520;11;Куртка 442KC-PP-15 (48-50/170-176)
2001459891537;4;Куртка 442KC-PP-15 (48-50/182-188)
2001459891544;1;Куртка 442KC-PP-15 (52-54/170-176)
2001459891551;15;Куртка 442KC-PP-15 (52-54/182-188)
2001459891568;8;Куртка 442KC-PP-15 (56-58/170-176)
2001459891575;7;Куртка 442KC-PP-15 (56-58/182-188)
2001459891582;6;Куртка 442KC-PP-15 (60-62/170-176)
2001459891599;4;Куртка 442KC-PP-15 (60-62/182-188)
2001459891605;5;Куртка 442KC-PP-15 (64-66/170-176)
2001459891612;6;Куртка 442KC-PP-15 (64-66/182-188)
2001459892046;6;Куртка 475T-CAN-90 (44-46/158-164)
2001459892176;6;Комбинезон 830-MU-15 (44-46/164)
2001459892183;9;Комбинезон 830-MU-15 (48-50/164)
2001459892190;14;Комбинезон 830-MU-15 (48-50/188)
2001459892206;5;Комбинезон 830-MU-15 (52-54/170)
2001459892213;8;Комбинезон 830-MU-15 (56-58/170)
2001459892220;6;Комбинезон 830-MU-15 (56-58/188)
2001459892237;5;Комбинезон 830-MU-15 (60-62/176)
2001459892244;4;Комбинезон 830-MU-15 (60-62/182)
2001459892251;6;Комбинезон 830-MU-15 (60-62/188)
2001459892268;3;Комбинезон 830-MU-15 (64-66/176)
2001459892275;6;Комбинезон 830-MU-15 (64-66/182)
2001459892282;5;Комбинезон 830-MU-15 (64-66/188)
2001459892435;10;Куртка 379A-TRENDLITE-81/57 (44-46/158-164)
2001459892442;6;Куртка 379A-TRENDLITE-81/57 (48-50/158-164)
2001459892459;6;Куртка 379A-TRENDLITE-81/57 (60-62/170-176)
2001459892466;8;Куртка 379A-TRENDLITE-81/57 (60-62/182-188)
2001459892473;6;Куртка 379A-TRENDLITE-81/57 (64-66/170-176)
2001459892480;8;Куртка 379A-TRENDLITE-81/57 (64-66/182-188)
2001459892497;8;Куртка 379A-TEREDO-11/57 (44-46/158-164)
2001459892503;13;Куртка 379A-TEREDO-11/57 (44-46/170-176)
2001459892510;1;Куртка 379A-TEREDO-11/57 (48-50/158-164)
2001459892527;57;Куртка 379A-TEREDO-11/57 (48-50/170-176)
2001459892534;35;Куртка 379A-TEREDO-11/57 (48-50/182-188)
2001459892541;32;Куртка 379A-TEREDO-11/57 (52-54/170-176)
2001459892558;47;Куртка 379A-TEREDO-11/57 (52-54/182-188)
2001459892565;13;Куртка 379A-TEREDO-11/57 (56-58/170-176)
2001459892572;17;Куртка 379A-TEREDO-11/57 (56-58/182-188)
2001459892589;7;Куртка 379A-TEREDO-11/57 (60-62/170-176)
2001459892596;5;Куртка 379A-TEREDO-11/57 (60-62/182-188)
2001459892602;3;Куртка 379A-TEREDO-11/57 (64-66/170-176)
2001459892619;9;Куртка 379A-TEREDO-11/57 (64-66/182-188)
2001459892626;5;Куртка 379A-MU-15/57 (44-46/158-164)
2001459892633;2;Куртка 379A-MU-15/57 (44-46/170-176)
2001459892640;5;Куртка 379A-MU-15/57 (48-50/158-164)
2001459892657;22;Куртка 379A-MU-15/57 (48-50/170-176)
2001459892664;11;Куртка 379A-MU-15/57 (48-50/182-188)
2001459892671;16;Куртка 379A-MU-15/57 (52-54/170-176)
2001459892688;22;Куртка 379A-MU-15/57 (52-54/182-188)
2001459892695;8;Куртка 379A-MU-15/57 (56-58/170-176)
2001459892701;9;Куртка 379A-MU-15/57 (56-58/182-188)
2001459892718;6;Куртка 379A-MU-15/57 (60-62/170-176)
2001459892725;6;Куртка 379A-MU-15/57 (60-62/182-188)
2001459892732;1;Куртка 379A-MU-15/57 (64-66/170-176)
2001459892749;6;Куртка 379A-MU-15/57 (64-66/182-188)
2001459892756;9;Жилет 515T-BEVR-15 (44-46/170-176)
2001459892763;7;Жилет 515T-BEVR-15 (48-50/170-176)
2001459892770;6;Жилет 515T-BEVR-15 (48-50/182-188)
2001459892787;6;Жилет 515T-BEVR-15 (52-54/170-176)
2001459892794;9;Жилет 515T-BEVR-15 (52-54/182-188)
2001459892800;6;Жилет 515T-BEVR-15 (56-58/182-188)
2001459892817;10;Жилет 515T-BEVR-51 (44-46/170-176)
2001459892824;10;Жилет 515T-BEVR-51 (48-50/170-176)
2001459892831;9;Жилет 515T-BEVR-51 (48-50/182-188)
2001459892848;9;Жилет 515T-BEVR-51 (52-54/170-176)
2001459892855;10;Жилет 515T-BEVR-51 (52-54/182-188)
2001459892862;6;Жилет 515T-BEVR-51 (56-58/182-188)
2001459892879;10;Жилет 515T-BEVR-90 (44-46/170-176)
2001459892886;8;Жилет 515T-BEVR-90 (48-50/170-176)
2001459892893;7;Жилет 515T-BEVR-90 (48-50/182-188)
2001459892909;8;Жилет 515T-BEVR-90 (52-54/170-176)
2001459892916;5;Жилет 515T-BEVR-90 (52-54/182-188)
2001459892923;4;Жилет 515T-BEVR-90 (56-58/182-188)
2001459893067;10;Китель 379A-MU-00/57 (44-46/158-164)
2001459893081;6;Китель 379A-MU-00/57 (48-50/158-164)
2001459893098;27;Китель 379A-MU-00/57 (48-50/170-176)
2001459893104;12;Китель 379A-MU-00/57 (48-50/182-188)
2001459893111;14;Китель 379A-MU-00/57 (52-54/170-176)
2001459893128;22;Китель 379A-MU-00/57 (52-54/182-188)
2001459893135;6;Китель 379A-MU-00/57 (56-58/170-176)
2001459893142;12;Китель 379A-MU-00/57 (56-58/182-188)
2001459893159;10;Китель 379A-MU-00/57 (60-62/170-176)
2001459893166;9;Китель 379A-MU-00/57 (60-62/182-188)
2001459893173;5;Китель 379A-MU-00/57 (64-66/170-176)
2001459894491;3;Жилет 791E-TASLAN-75 (64-66/170-176)
2001459894507;4;Комбинезон 890-P154-15 (44-46/164)
2001459894514;12;Комбинезон 890-P154-15 (44-46/170)
2001459894521;12;Комбинезон 890-P154-15 (44-46/176)
2001459894538;6;Комбинезон 890-P154-15 (48-50/164)
2001459894545;16;Комбинезон 890-P154-15 (48-50/170)
2001459894552;29;Комбинезон 890-P154-15 (48-50/176)
2001459894569;30;Комбинезон 890-P154-15 (48-50/182)
2001459894576;12;Комбинезон 890-P154-15 (48-50/188)
2001459894583;10;Комбинезон 890-P154-15 (52-54/170)
2001459894590;29;Комбинезон 890-P154-15 (52-54/176)
2001459894606;40;Комбинезон 890-P154-15 (52-54/182)
2001459894613;13;Комбинезон 890-P154-15 (52-54/188)
2001459894620;12;Комбинезон 890-P154-15 (56-58/182)
2001459894637;8;Комбинезон 890-P154-15 (56-58/188)
2001459897676;8;Куртка 379P-MU-15/32 (44-46/158-164)
2001459897683;10;Куртка 379P-MU-15/32 (44-46/170-176)
2001459897690;22;Куртка 379P-MU-15/32 (48-50/170-176)
2001459897706;14;Куртка 379P-MU-15/32 (48-50/182-188)
2001459897713;16;Куртка 379P-MU-15/32 (52-54/170-176)
2001459897720;18;Куртка 379P-MU-15/32 (52-54/182-188)
2001459897737;8;Куртка 379P-MU-15/32 (56-58/170-176)
2001459897744;8;Куртка 379P-MU-15/32 (56-58/182-188)
2001459897751;6;Куртка 379P-MU-15/32 (60-62/170-176)
2001459897768;6;Куртка 379P-MU-15/32 (60-62/182-188)
2001459897775;6;Куртка 379P-MU-15/32 (64-66/170-176)
2001459897782;6;Куртка 379P-MU-15/32 (64-66/182-188)
