Product code;Центральный склад (Warehouse);Product name2000094500019;3;Куртка 471T-TRUD-11
2000096790012;3;Куртка 471T-TRUD-81
2000200420026;5;Брюки 250T-FAS-14
2001459803516;1;Бриджи 222B-CY-24
2001459815908;2;Брюки 233T-P154-55
2001459819951;2;Шапка 568-FLIS-15
2001459819975;79;Шапка 568-FLIS-55
2001459824832;0;Китель повара 379T-P92-00
2001459825310;3;Куртка 471T-PR25-57
2001459827758;3;Куртка 475T-FAS-55
2001459831526;6;Комбинезон 830-MU-75
2001459831557;11;Комбинезон 830-MU-75
2001459831588;6;Комбинезон 830-MU-75
2001459831595;8;Комбинезон 830-MU-75
2001459831601;13;Комбинезон 830-MU-75
2001459838952;5;Брюки пекаря Image Wear 46625-500-001
2001459845905;2;Костюм 471T-71T-TR154-55
2001459849033;2;Куртка 374A-P154-15
2001459849101;1;Куртка 374A-P154-15
2001459858325;12;Брюки мужские 269S-ULTRA-00
2001459860281;3;Полукомбинезон 51-2-P154-15
2001459866627;24;Куртка 374K-P•154-6/90
2001459866641;17;Куртка 374K-P•154-6/90
2001459866672;17;Куртка 374K-P•154-6/90
2001459867143;27;Полукомбинезон 84K-P•154-6/90
2001459867167;14;Полукомбинезон 84K-P•154-6/90
2001459867198;19;Полукомбинезон 84K-P•154-6/90
2001459869963;10;Комбинезон 818N-PP-80/71
2001459875988;1;Полукомбинезон 71TBIG-ST7018-55
2001459876251;3;Куртка 471TBIG-ST7018-55
2001459876855;14;Китель повара 379A-TRENDLITE-81/57
2001459879092;14;Комбинезон 830-SU-77
2001459879559;1;Китель повара 379T-P92-00
2001459880050;57;Полукомбинезон 51-2-P154-14
2001459880098;14;Полукомбинезон 51-2-P154-14
2001459880135;7;Брюки 255M-EASN-00/55
2001459880159;22;Брюки 255M-EASN-00/55
2001459880166;8;Брюки 255M-EASN-00/55
2001459880777;1;Комбинезон 818N-PP-58/71
2001459880791;2;Комбинезон 818N-PP-58/71
2001459880845;11;Комбинезон 818N-PP-90/71
2001459882146;5;Куртка 471T-KR154-15
2001459882238;2;Костюм 471T-71T-KR154-15
2001459883358;3;Жилет 511S-P154-15/90
2001459884911;100;Куртка 471T-KR154-55
2001459884928;24;Куртка 471T-KR154-55
2001459884935;35;Куртка 471T-KR154-55
2001459884959;3;Куртка 471T-KR154-55
2001459884966;17;Куртка 471T-KR154-55
2001459885000;12;Куртка 471T-KR154-55
2001459885062;13;Полукомбинезон 71T-KR154-15
2001459885079;6;Полукомбинезон 71T-KR154-15
2001459885154;5;Полукомбинезон 71T-KR154-15
2001459885192;46;Полукомбинезон 71T-KR154-55
2001459885215;17;Полукомбинезон 71T-KR154-55
2001459885222;29;Полукомбинезон 71T-KR154-55
2001459885246;14;Полукомбинезон 71T-KR154-55
2001459885253;5;Полукомбинезон 71T-KR154-55
2001459885420;13;Брюки 233T-KR154-55
2001459885512;6;Комбинезон 830-MU-75
2001459885536;13;Брюки 233T-KR154-15
2001459885543;24;Брюки 233T-KR154-15
2001459885550;26;Брюки 233T-KR154-15
2001459885567;20;Брюки 233T-KR154-15
2001459885574;24;Брюки 233T-KR154-15
2001459885598;14;Брюки 233T-KR154-15
2001459885604;10;Брюки 233T-KR154-15
2001459885802;4;Полукомбинезон 51-2-P154-21
2001459885833;3;Полукомбинезон 51-2-P154-21
2001459886243;2;Брюки 233T-KR154-15
2001459886373;8;Куртка 374A-KR154-15
2001459886380;14;Куртка 374A-KR154-15
2001459886403;2;Куртка 374A-KR154-15
2001459886595;7;Куртка 471TBIG-KR154-55
2001459887080;38;Брюки 251-CAN-15/90
2001459887707;12;Бриджи 222B-CY-31
2001459887745;7;Бриджи 222B-CY-31
2001459888353;9;Куртка 374K-CY-6/90
2001459888933;3;Брюки 255M-CY-05/55
2001459889107;14;Полукомбинезон 51-2-TR154-15
2001459889237;17;Комбинезон 827R-MU-75
2001459889251;4;Комбинезон 827R-MU-75
2001459889657;0;Брюки 281T-P159-50
2001459890127;2;Комбинезон 830-P165-11
2001459890219;20;Комбинезон 830-P165-11
2001459890226;27;Комбинезон 830-P165-11
2001459890271;5;Комбинезон 830-P165-11
2001459890349;8;Комбинезон 830-P159-70
2001459890400;13;Комбинезон 830-P159-70
2001459890431;18;Комбинезон 830-P159-70
2001459890448;20;Комбинезон 830-P159-70
2001459890493;7;Комбинезон 830-P159-70
2001459892497;8;Китель повара 379A-TEREDO-11/57
2001459892503;13;Китель повара 379A-TEREDO-11/57
2001459892527;57;Китель повара 379A-TEREDO-11/57
2001459892534;35;Китель повара 379A-TEREDO-11/57
2001459892541;33;Китель повара 379A-TEREDO-11/57
2001459892558;47;Китель повара 379A-TEREDO-11/57
2001459892565;13;Китель повара 379A-TEREDO-11/57
2001459892572;17;Китель повара 379A-TEREDO-11/57
2001459892589;7;Китель повара 379A-TEREDO-11/57
2001459892619;9;Китель повара 379A-TEREDO-11/57
2001459892633;6;Китель повара 379A-MU-15/57
2001459892657;25;Китель повара 379A-MU-15/57
2001459892664;14;Китель повара 379A-MU-15/57
2001459892671;18;Китель повара 379A-MU-15/57
2001459893074;3;Китель повара 379A-MU-00/57
2001459893111;7;Китель повара 379A-MU-00/57
2001459893241;30;Полукомбинезон 71T-FU-14
2001459894316;11;Куртка 471TBIG-KR154-55
