product_code;ozon_ordered
2001459803820;1
2001459824832;2
2001459824849;8
2001459824856;19
2001459824870;15
2001459824894;42
2001459824900;42
2001459824917;47
2001459824924;22
2001459824931;19
2001459824948;5
2001459824955;44
2001459831588;6
2001459831595;2
2001459831601;9
2001459831625;2
2001459831632;3
2001459831649;1
2001459831656;1
2001459834633;7
2001459835579;1
2001459853306;1
2001459853313;2
2001459854402;2
2001459854419;10
2001459854426;7
2001459854433;11
2001459854440;1
2001459854457;7
2001459854464;2
2001459854471;1
2001459854518;2
2001459854525;1
2001459854532;4
2001459860250;2
2001459860267;4
2001459860281;2
2001459860298;2
2001459860304;2
2001459860311;1
2001459860328;1
2001459860625;5
2001459860878;3
2001459860892;6
2001459860908;2
2001459860915;10
2001459864098;1
2001459864142;1
2001459865200;1
2001459865224;7
2001459865248;10
2001459866276;5
2001459872505;1
2001459872512;6
2001459872536;5
2001459872543;2
2001459875193;1
2001459875247;1
2001459875261;1
2001459875285;6
2001459875292;3
2001459875308;5
2001459875315;2
2001459875322;2
2001459875339;2
2001459875346;2
2001459875353;3
2001459875360;3
2001459875476;2
2001459875483;5
2001459875490;4
2001459875506;4
2001459875513;4
2001459875520;3
2001459876848;6
2001459876855;9
2001459876862;30
2001459876879;23
2001459876886;31
2001459876893;10
2001459876909;21
2001459876978;1
2001459879085;7
2001459879092;13
2001459879108;2
2001459879122;2
2001459884430;5
2001459884447;1
2001459884485;1
2001459884492;7
2001459884508;9
2001459884522;4
2001459884546;2
2001459885697;5
2001459885710;2
2001459885741;2
2001459885758;2
2001459885765;13
2001459885772;3
2001459885789;10
2001459885796;4
2001459885802;5
2001459886175;8
2001459886182;7
2001459889152;2
2001459889169;1
2001459889176;1
2001459889183;1
2001459889190;3
2001459889206;5
2001459889213;5
2001459889220;5
2001459889237;5
2001459889244;5
2001459889251;3
2001459889268;3
2001459889275;1
2001459889282;4
2001459889299;5
2001459889312;5
2001459889329;2
2001459889336;2
2001459889350;2
2001459889626;10
2001459889633;4
2001459889640;6
2001459889657;2
2001459889664;4
2001459889725;2
2001459889763;1
2001459889770;4
2001459889787;6
2001459889817;1
2001459889824;5
2001459889831;3
2001459889848;6
2001459889855;6
2001459889862;4
2001459890103;6
2001459890127;2
2001459890134;5
2001459890141;10
2001459890158;2
2001459890165;18
2001459890172;18
2001459890189;23
2001459890196;2
2001459890202;8
2001459890219;15
2001459890226;20
2001459890233;15
2001459890240;8
2001459890257;10
2001459890264;10
2001459890271;3
2001459890288;6
2001459890295;6
2001459890301;4
2001459890318;4
2001459890325;6
2001459890332;5
2001459890349;8
2001459890356;6
2001459890363;5
2001459890370;5
2001459890387;10
2001459890394;18
2001459890400;13
2001459890417;3
2001459890424;10
2001459890431;18
2001459890448;20
2001459890455;12
2001459890462;8
2001459890479;10
2001459890486;10
2001459890493;7
2001459890509;6
2001459890516;6
2001459890523;6
2001459890530;5
2001459890547;6
2001459890554;6
2001459891438;2
2001459891469;5
2001459891506;3
2001459891513;5
2001459891520;10
2001459891537;5
2001459891544;1
2001459891551;10
2001459891568;5
2001459891575;5
2001459891582;3
2001459891599;2
2001459891605;3
2001459891612;3
2001459892466;2
2001459892473;3
2001459892480;2
2001459892497;8
2001459892503;13
2001459892510;2
2001459892527;57
2001459892534;35
2001459892541;34
2001459892558;47
2001459892565;13
2001459892572;17
2001459892589;7
2001459892596;5
2001459892602;4
2001459892619;9
2001459892626;8
2001459892633;7
2001459892640;6
2001459892657;27
2001459892664;14
2001459892671;18
2001459892688;28
2001459892695;8
2001459892701;11
2001459892718;6
2001459892725;6
2001459892732;6
2001459892749;7
