product_name;stock;product_code
2000089050017;4;Шапка 567-PPK-14 (55-56-57)
2000092460018;2;Шапка 567Т-TWILL-15 (55-56-57)
2000193570029;104;Шапка 568-FLIS-99 (58-59-60)
2000193580028;91;Шапка 568-FLIS-99 (55-56-57)
2000202310028;1;Халат 111-TOMBOY-00 (52/170)
2000202340025;1;Халат 111-TOMBOY-00 (54/170)
2000202350024;1;Халат 111-TOMBOY-00 (56/164)
2000202360023;3;Халат 111-TOMBOY-00 (56/170)
2000447580026;6;Брюки FT8010-TEREDO-15 (44-46/158-170)
2000447590025;5;Брюки FT8010-TEREDO-15 (52-54/158-176)
2000452090015;66;Брюки FT8010-P154-15 (60-62/158-176)
2000456290015;28;Жилет SH1024 (40-42)
2000495860019;4;Жилет SH1023-(64)
2001459820490;18;Шапка 567KC-TASLAN-15 (58)
2001459820506;16;Шапка 567KC-TASLAN-15 (60)
2001459820513;23;Шапка 567KC-TASLAN-15 (62)
2001459820520;11;Шапка 567KC-TASLAN-90 (58)
2001459820537;19;Шапка 567KC-TASLAN-90 (60)
2001459820544;28;Шапка 567KC-TASLAN-90 (62)
2001459835289;9;Блуза 76030-148-001 (44)
2001459835302;4;Блуза 76030-148-001 (48)
2001459835319;3;Блуза 76030-148-001 (50)
2001459835494;6;Куртка 314-TOMBOY-81 (64-66/188)
2001459841556;9;Куртка 424-TOMBOY-55 (48-50/176)
2001459841587;15;Брюки 264-TOMBOY-00 (40/158)
2001459841594;193;Брюки 264-TOMBOY-00 (40/164)
2001459844724;1;Куртка 424-TOMBOY-00 (52-54/164)
2001459855195;3;Куртка 314-TOMBOY-13 (44-46/188)
2001459855201;3;Брюки 264-TOMBOY-00 (40/170)
2001459855218;1;Куртка 314-TOMBOY-13 (56-58/170)
2001459855232;2;Брюки 264-TOMBOY-00 (42/164)
2001459855249;5;Куртка 314-TOMBOY-13 (56-58/182)
2001459855256;2;Куртка 314-TOMBOY-13 (56-58/200)
2001459855263;22;Брюки 264-TOMBOY-00 (44/164)
2001459855294;102;Брюки 264-TOMBOY-00 (44/170)
2001459870037;1;Шапка 568-FLIS-80 (58-59-60)
2001459874295;104;Шапка 568-FLIS-900 (58-59-60)
2001459882764;69;Шапка 568-FLIS-83 (58-59-60)
