762; "2000481230024"; "511T-FAS-22|44-46_182"; "Жилет рабочий 511T-FAS-22"
763; "2001459851050"; "511T-FAS-22|44-46_158-164"; "Жилет рабочий 511T-FAS-22"
764; "2001459851067"; "511T-FAS-22|44-46_170-176"; "Жилет рабочий 511T-FAS-22"
765; "2001459851081"; "511T-FAS-22|48-50_182-188"; "Жилет рабочий 511T-FAS-22"
766; "2001459851111"; "511T-FAS-22|56-58_170-176"; "Жилет рабочий 511T-FAS-22"
767; "2001459851128"; "511T-FAS-22|56-58_182-188"; "Жилет рабочий 511T-FAS-22"
768; "2001459851135"; "511T-FAS-22|60-62_182-188"; "Жилет рабочий 511T-FAS-22"
769; "2001459851142"; "511T-FAS-22|64-66_182-188"; "Жилет рабочий 511T-FAS-22"
811; "2000481430028"; "515NC-ADKN-90|56-58_170"; "Жилет утеплённый 515NC-ADKN-90"
975; "2001459865279"; "818N-PP-13/71|48-50_182"; "Комбинезон 818N-PP-13/71"
980; "2001459865255"; "818N-PP-13/71|48-50_170"; "Комбинезон 818N-PP-13/71"
981; "2001459865262"; "818N-PP-13/71|48-50_176"; "Комбинезон 818N-PP-13/71"
984; "2001459865286"; "818N-PP-13/71|52-54_176"; "Комбинезон 818N-PP-13/71"
985; "2001459865293"; "818N-PP-13/71|52-54_182"; "Комбинезон 818N-PP-13/71"
986; "2001459865309"; "818N-PP-13/71|52-54_188"; "Комбинезон 818N-PP-13/71"
1011; "2001459865385"; "818N-PP-20/71|48-50_182"; "Комбинезон 818N-PP-20/71"
1014; "2001459865392"; "818N-PP-20/71|52-54_176"; "Комбинезон 818N-PP-20/71"
1016; "2001459860618"; "818N-PP-20/71|52-54_188"; "Комбинезон 818N-PP-20/71"
1020; "2001459865408"; "818N-PP-20/71|56-58_188"; "Комбинезон 818N-PP-20/71"
1027; "2001459865330"; "818N-PP-61/71|48-50_182"; "Комбинезон 818N-PP-61/71"
1032; "2001459865316"; "818N-PP-61/71|48-50_170"; "Комбинезон 818N-PP-61/71"
1033; "2001459865323"; "818N-PP-61/71|48-50_176"; "Комбинезон 818N-PP-61/71"
1036; "2001459865347"; "818N-PP-61/71|52-54_176"; "Комбинезон 818N-PP-61/71"
1037; "2001459865354"; "818N-PP-61/71|52-54_182"; "Комбинезон 818N-PP-61/71"
1038; "2001459865361"; "818N-PP-61/71|52-54_188"; "Комбинезон 818N-PP-61/71"
1071; "2001459851586"; "818R-100R-90/71|52_182"; "Комбинезон 818R-100R-90/71"
1072; "2001459851593"; "818R-100R-90/71|54_182"; "Комбинезон 818R-100R-90/71"
1073; "2000165330026"; "827KA-FAS-12|66_176"; "Комбинезон 827KA-FAS-12"
1074; "2000165340025"; "827KA-FAS-12|66_182"; "Комбинезон 827KA-FAS-12"
1075; "2000165350024"; "827KA-FAS-12|66_188"; "Комбинезон 827KA-FAS-12"
1442; "2000190130011"; "8831-TWILL-16/15|60-62_176"; "Комбинезон 8831-TWILL-16/15"
1445; "2000478120017"; "8831-TWILL-16/15|44-46_176"; "Комбинезон 8831-TWILL-16/15"
1447; "2000478150014"; "8831-TWILL-16/15|48-50_170"; "Комбинезон 8831-TWILL-16/15"
1448; "2000211270016"; "8831-TWILL-16/15|48-50_176"; "Комбинезон 8831-TWILL-16/15"
1448; "2000211280015"; "8831-TWILL-16/15|48-50_176"; "Комбинезон 8831-TWILL-16/15"
1449; "2000139880014"; "8831-TWILL-16/15|48-50_182"; "Комбинезон 8831-TWILL-16/15"
1449; "2000478160013"; "8831-TWILL-16/15|48-50_182"; "Комбинезон 8831-TWILL-16/15"
1450; "2000478170012"; "8831-TWILL-16/15|48-50_188"; "Комбинезон 8831-TWILL-16/15"
1451; "2000139890013"; "8831-TWILL-16/15|48-50_194"; "Комбинезон 8831-TWILL-16/15"
1452; "2000478180011"; "8831-TWILL-16/15|52-54_170"; "Комбинезон 8831-TWILL-16/15"
1453; "2000139910018"; "8831-TWILL-16/15|52-54_176"; "Комбинезон 8831-TWILL-16/15"
1453; "2000478190010"; "8831-TWILL-16/15|52-54_176"; "Комбинезон 8831-TWILL-16/15"
1454; "2000139920017"; "8831-TWILL-16/15|52-54_182"; "Комбинезон 8831-TWILL-16/15"
1454; "2000478200016"; "8831-TWILL-16/15|52-54_182"; "Комбинезон 8831-TWILL-16/15"
1455; "2000190640015"; "8831-TWILL-16/15|52-54_188"; "Комбинезон 8831-TWILL-16/15"
1455; "2000478210015"; "8831-TWILL-16/15|52-54_188"; "Комбинезон 8831-TWILL-16/15"
1457; "2000478230013"; "8831-TWILL-16/15|56-58_176"; "Комбинезон 8831-TWILL-16/15"
1458; "2000139940015"; "8831-TWILL-16/15|56-58_182"; "Комбинезон 8831-TWILL-16/15"
1458; "2000478240012"; "8831-TWILL-16/15|56-58_182"; "Комбинезон 8831-TWILL-16/15"
1459; "2000190120012"; "8831-TWILL-16/15|56-58_188"; "Комбинезон 8831-TWILL-16/15"
1460; "2000241490019"; "8831-TWILL-16/15|60-62_170"; "Комбинезон 8831-TWILL-16/15"
1461; "2000139950014"; "8831-TWILL-16/15|60-62_182"; "Комбинезон 8831-TWILL-16/15"
1507; "2000174750013"; "8831-TWILL-16/77|52-54_194"; "Комбинезон 8831-TWILL-16/77"
1513; "2000174810014"; "8831-TWILL-16/77|56-58_194"; "Комбинезон 8831-TWILL-16/77"
1519; "2000174870018"; "8831-TWILL-16/77|60-62_194"; "Комбинезон 8831-TWILL-16/77"
1525; "2000174930019"; "8831-TWILL-16/77|64-66_194"; "Комбинезон 8831-TWILL-16/77"
1601; "2001459854471"; "8831-TWILL FT-16/15|48-50_176"; "Комбинезон 8831-TWILL FT-16/15"
1602; "2001459854440"; "8831-TWILL FT-16/15|44-46_164"; "Комбинезон 8831-TWILL FT-16/15"
1603; "2001459854457"; "8831-TWILL FT-16/15|44-46_176"; "Комбинезон 8831-TWILL FT-16/15"
1604; "2001459854464"; "8831-TWILL FT-16/15|48-50_170"; "Комбинезон 8831-TWILL FT-16/15"
1605; "2001459854488"; "8831-TWILL FT-16/15|48-50_182"; "Комбинезон 8831-TWILL FT-16/15"
1606; "2001459854495"; "8831-TWILL FT-16/15|48-50_188"; "Комбинезон 8831-TWILL FT-16/15"
1607; "2001459854501"; "8831-TWILL FT-16/15|52-54_176"; "Комбинезон 8831-TWILL FT-16/15"
1608; "2001459854518"; "8831-TWILL FT-16/15|52-54_182"; "Комбинезон 8831-TWILL FT-16/15"
1609; "2001459854525"; "8831-TWILL FT-16/15|52-54_188"; "Комбинезон 8831-TWILL FT-16/15"
1610; "2001459854532"; "8831-TWILL FT-16/15|60-62_182"; "Комбинезон 8831-TWILL FT-16/15"
1661; "2000491880028"; "888R-TWILL FT-15|48-50_188"; "Комбинезон 888R-TWILL FT-15"
1662; "2000491850021"; "888R-TWILL FT-15|44-46_182"; "Комбинезон 888R-TWILL FT-15"
1663; "2000491870029"; "888R-TWILL FT-15|48-50_182"; "Комбинезон 888R-TWILL FT-15"
1664; "2000491910022"; "888R-TWILL FT-15|56-58_170"; "Комбинезон 888R-TWILL FT-15"
1665; "2000491930020"; "888R-TWILL FT-15|56-58_182"; "Комбинезон 888R-TWILL FT-15"
1666; "2000491940029"; "888R-TWILL FT-15|56-58_188"; "Комбинезон 888R-TWILL FT-15"
1668; "2000241240010"; "888R-TWILL-15|44-46_182"; "Комбинезон 888R-TWILL-15"
1669; "2000475520018"; "888R-TWILL-15|44-46_188"; "Комбинезон 888R-TWILL-15"
1676; "2000241160011"; "888R-TWILL-90|60-62_176"; "Комбинезон 888R-TWILL-90"
1677; "2000241050015"; "888R-TWILL-90|44-46_182"; "Комбинезон 888R-TWILL-90"
1678; "2000241170010"; "888R-TWILL-90|60-62_182"; "Комбинезон 888R-TWILL-90"
1679; "2000241180019"; "888R-TWILL-90|60-62_188"; "Комбинезон 888R-TWILL-90"
1680; "2000241190018"; "888R-TWILL-90|64-66_176"; "Комбинезон 888R-TWILL-90"
1681; "2000241200014"; "888R-TWILL-90|64-66_182"; "Комбинезон 888R-TWILL-90"
1682; "2000241210013"; "888R-TWILL-90|64-66_188"; "Комбинезон 888R-TWILL-90"
1753; "2001459812938"; "409T-84T-P154-R-83|48-50_182-188"; "Костюм 409T-84T-P154-R-83"
1754; "2001459812921"; "409T-84T-P154-R-83|48-50_170-176"; "Костюм 409T-84T-P154-R-83"
1755; "2001459812945"; "409T-84T-P154-R-83|52-54_170-176"; "Костюм 409T-84T-P154-R-83"
1756; "2001459812952"; "409T-84T-P154-R-83|52-54_182-188"; "Костюм 409T-84T-P154-R-83"
1757; "2001459812976"; "409T-84T-P154-R-83|56-58_182-188"; "Костюм 409T-84T-P154-R-83"
1770; "2001459820445"; "442R-42BR-TWILL-61|56-58_170-176"; "Костюм 442R-42BR-TWILL-61"
1771; "2001459820469"; "442R-42BR-TWILL-61|56-58_194-200"; "Костюм 442R-42BR-TWILL-61"
1773; "2001459883136"; "442R-42R-TWILL-R-61|56-58_170"; "Костюм 442R-42R-TWILL-R-61"
1785; "2001459813102"; "471T-71T-PR25-12|60-62_164"; "Костюм 471T-71T-PR25-12"
1786; "2001459813126"; "471T-71T-PR25-12|64-66_164"; "Костюм 471T-71T-PR25-12"
1865; "2000464140012"; "369S-ULTRA-00|48-50_170"; "Куртка 369S-ULTRA-00"
1866; "2000464160010"; "369S-ULTRA-00|48-50_182"; "Куртка 369S-ULTRA-00"
1869; "2000446800019"; "369S-ULTRA-00|52-54_176"; "Куртка 369S-ULTRA-00"
1870; "2000464180018"; "369S-ULTRA-00|52-54_182"; "Куртка 369S-ULTRA-00"
1939; "2000472480018"; "419-PP-15/90|44-46_182"; "Куртка 419-PP-15/90"
1940; "2000472550018"; "419-PP-15/90|56-58_176"; "Куртка 419-PP-15/90"
1941; "2000511240016"; "419-PP-15/90|60-62_176"; "Куртка 419-PP-15/90"
1980; "2000193940020"; "419C-TASLAN-14/90|44-46_170-176"; "Куртка 419C-TASLAN-14/90"
1984; "2000193960028"; "419C-TASLAN-14/90|48-50_170-176"; "Куртка 419C-TASLAN-14/90"
1985; "2000193970027"; "419C-TASLAN-14/90|48-50_182-188"; "Куртка 419C-TASLAN-14/90"
1986; "2000193980026"; "419C-TASLAN-14/90|52-54_170-176"; "Куртка 419C-TASLAN-14/90"
1987; "2000193990025"; "419C-TASLAN-14/90|52-54_182-188"; "Куртка 419C-TASLAN-14/90"
1988; "2000194000020"; "419C-TASLAN-14/90|56-58_170-176"; "Куртка 419C-TASLAN-14/90"
1989; "2000194010029"; "419C-TASLAN-14/90|56-58_182-188"; "Куртка 419C-TASLAN-14/90"
2254; "2000174080011"; "428T-TWILL-90|48-50_194"; "Куртка 428T-TWILL-90"
2418; "2000194130024"; "4398A-TASLAN-14|44-46_182-188"; "Куртка 4398A-TASLAN-14"
2419; "2000465400016"; "4398A-TASLAN-15|44-46_182"; "Куртка 4398A-TASLAN-15"
2420; "2000465470019"; "4398A-TASLAN-15|60-62_176"; "Куртка 4398A-TASLAN-15"
2425; "2000189390013"; "4398A-TASLAN-90|56-58_176"; "Куртка 4398A-TASLAN-90"
2432; "2001459844816"; "4398T-PP-15/16|56-58_182-188"; "Куртка 4398T-PP-15/16"
2604; "2001459865774"; "442KCR-TWILL-90|48-50_182-188"; "Куртка 442KCR-TWILL-90"
2605; "2001459865750"; "442KCR-TWILL-90|44-46_158-164"; "Куртка 442KCR-TWILL-90"
2606; "2001459865767"; "442KCR-TWILL-90|48-50_170-176"; "Куртка 442KCR-TWILL-90"
2607; "2001459865781"; "442KCR-TWILL-90|52-54_170-176"; "Куртка 442KCR-TWILL-90"
2608; "2001459865798"; "442KCR-TWILL-90|52-54_182-188"; "Куртка 442KCR-TWILL-90"
2609; "2001459865804"; "442KCR-TWILL-90|56-58_170-176"; "Куртка 442KCR-TWILL-90"
2610; "2001459865811"; "442KCR-TWILL-90|56-58_182-188"; "Куртка 442KCR-TWILL-90"
2611; "2001459824306"; "442N-100-57/28|52-54_170-176"; "Куртка 442N-100-57/28"
2647; "2000177160017"; "442R-TWILL-15|56-58_194"; "Куртка 442R-TWILL-15"
2657; "2000152540018"; "442R-TWILL-61|60-62_170"; "Куртка 442R-TWILL-61"
2673; "2001459817650"; "442T-PP-15|56-58_170-176"; "Куртка 442T-PP-15"
2674; "2001459817599"; "442T-PP-15|44-46_158-164"; "Куртка 442T-PP-15"
2702; "2000133160013"; "442T-TWILL-90|60-62_194"; "Куртка 442T-TWILL-90"
2753; "2000219020019"; "452X-TOMBOY-90|56-58_188"; "Куртка 452X-TOMBOY-90"
2754; "2000222090016"; "452X-TOMBOY-90|56-58_170"; "Куртка 452X-TOMBOY-90"
2755; "2000219010010"; "452X-TOMBOY-90|56-58_176"; "Куртка 452X-TOMBOY-90"
2757; "2000244310017"; "4536-TWILL-90|44-46_182"; "Куртка 4536-TWILL-90"
2758; "2000007250017"; "455T-BCSN-24|56-58_176"; "Куртка 455T-BCSN-24"
2759; "2000007240018"; "455T-BCSN-24|56-58_170"; "Куртка 455T-BCSN-24"
2760; "2000031800011"; "455T-BCSN-24|56-58_188"; "Куртка 455T-BCSN-24"
2777; "2000483460023"; "465-OXFORD-90|56-58_170"; "Куртка 465-OXFORD-90"
2778; "2000483490020"; "465-OXFORD-90|56-58_188"; "Куртка 465-OXFORD-90"
2779; "2000483500026"; "465-OXFORD-90|60-62_176"; "Куртка 465-OXFORD-90"
2780; "2000483520024"; "465-OXFORD-90|60-62_188"; "Куртка 465-OXFORD-90"
2950; "2000168990029"; "471BIG-FAS-24|64-66_194"; "Куртка 471BIG-FAS-24"
2956; "2000198980014"; "471T-FAS-12|44-46_188"; "Куртка 471T-FAS-12"
2959; "2000199050013"; "471T-FAS-12|60-62_176"; "Куртка 471T-FAS-12"
3137; "2001459825730"; "471T-P154-83|48-50_170-176"; "Куртка 471T-P154-83"
3139; "2001459825754"; "471T-P154-83|52-54_170-176"; "Куртка 471T-P154-83"
3140; "2001459825761"; "471T-P154-83|52-54_182-188"; "Куртка 471T-P154-83"
3147; "2001459826102"; "471T-P154-R-21|44-46_170"; "Куртка 471T-P154-R-21"
3158; "2001459825143"; "471T-PR25-23|56-58_188"; "Куртка 471T-PR25-23"
3159; "2001459825136"; "471T-PR25-23|56-58_182"; "Куртка 471T-PR25-23"
3160; "2000206310024"; "471T-PR25-55|56-58_176"; "Куртка 471T-PR25-55"
3173; "2000055740010"; "471T-PR25-90|60-62_164"; "Куртка 471T-PR25-90"
3179; "2000120420014"; "471T-TRUD-12|56-58_170"; "Куртка 471T-TRUD-12"
3180; "2000094870013"; "471T-TRUD-12|44-46_164"; "Куртка 471T-TRUD-12"
3181; "2000094880012"; "471T-TRUD-12|44-46_170"; "Куртка 471T-TRUD-12"
3182; "2000095000013"; "471T-TRUD-16|60-62_176"; "Куртка 471T-TRUD-16"
3183; "2000134350017"; "471T-TRUD-16|44-46_182"; "Куртка 471T-TRUD-16"
3184; "2000094960011"; "471T-TRUD-16|56-58_170"; "Куртка 471T-TRUD-16"
3185; "2000095010012"; "471T-TRUD-16|60-62_182"; "Куртка 471T-TRUD-16"
3186; "2000096070015"; "471T-TRUD-54|60-62_188"; "Куртка 471T-TRUD-54"
3300; "2001459859575"; "475T-WST-90|44-46_158-164"; "Куртка 475T-WST-90"
3301; "2001459859582"; "475T-WST-90|44-46_170-176"; "Куртка 475T-WST-90"
3302; "2001459859599"; "475T-WST-90|48-50_170-176"; "Куртка 475T-WST-90"
3303; "2001459859605"; "475T-WST-90|48-50_182-188"; "Куртка 475T-WST-90"
3304; "2001459859612"; "475T-WST-90|52-54_170-176"; "Куртка 475T-WST-90"
3305; "2001459859629"; "475T-WST-90|52-54_182-188"; "Куртка 475T-WST-90"
3306; "2001459859636"; "475T-WST-90|56-58_170-176"; "Куртка 475T-WST-90"
3307; "2001459859643"; "475T-WST-90|56-58_182-188"; "Куртка 475T-WST-90"
3326; "2000009180015"; "483-100/AD-15/75|60-62_176"; "Куртка 483-100/AD-15/75"
3340; "2001459873489"; "633-XB-90|48-50_170-176"; "Куртка 633-XB-90"
3341; "2001459873458"; "633-XB-90|44-46_158-164"; "Куртка 633-XB-90"
3342; "2001459873465"; "633-XB-90|44-46_170-176"; "Куртка 633-XB-90"
3343; "2001459873472"; "633-XB-90|48-50_158-164"; "Куртка 633-XB-90"
3344; "2001459873496"; "633-XB-90|48-50_182-188"; "Куртка 633-XB-90"
3345; "2001459873502"; "633-XB-90|52-54_170-176"; "Куртка 633-XB-90"
3346; "2001459873519"; "633-XB-90|52-54_182-188"; "Куртка 633-XB-90"
3347; "2001459873526"; "633-XB-90|56-58_170-176"; "Куртка 633-XB-90"
3348; "2001459873533"; "633-XB-90|56-58_182-188"; "Куртка 633-XB-90"
3349; "2001459873540"; "633-XB-90|60-62_170-176"; "Куртка 633-XB-90"
3350; "2001459873557"; "633-XB-90|60-62_182-188"; "Куртка 633-XB-90"
3351; "2001459873564"; "633-XB-90|64-66_170-176"; "Куртка 633-XB-90"
3352; "2001459873571"; "633-XB-90|64-66_182-188"; "Куртка 633-XB-90"
3486; "2000153060010"; "492N-BANOX-22/15|44-46_170"; "Куртка сварщика зимняя 492N-BANOX-22/15"
3487; "2000153070019"; "492N-BANOX-22/15|44-46_176"; "Куртка сварщика зимняя 492N-BANOX-22/15"
3488; "2000153090017"; "492N-BANOX-22/15|48-50_182"; "Куртка сварщика зимняя 492N-BANOX-22/15"
3489; "2000153120011"; "492N-BANOX-22/15|56-58_176"; "Куртка сварщика зимняя 492N-BANOX-22/15"
3490; "2000153130027"; "492N-BANOX-22/15|56-58_182"; "Куртка сварщика зимняя 492N-BANOX-22/15"
3491; "2000153140026"; "492N-BANOX-22/15|60-62_176"; "Куртка сварщика зимняя 492N-BANOX-22/15"
3492; "2000153150025"; "492N-BANOX-22/15|60-62_182"; "Куртка сварщика зимняя 492N-BANOX-22/15"
3498; "2000505440019"; "491NR-FLAM-15/14|60-62_182"; "Куртка сварщика летняя 491NR-FLAM-15/14"
3576; "2000449370014"; "MJ6590-P159-00/81|40-42_164"; "Китель повара MJ6590-P159-00/81"
3577; "2000449380013"; "MJ6590-P159-00/81|44-46_170"; "Китель повара MJ6590-P159-00/81"
3578; "2000449390012"; "MJ6590-P159-00/81|48-50_176"; "Китель повара MJ6590-P159-00/81"
3584; "2000472210011"; "MJ6590-TRENDLITE-00/81|64-66_194"; "Китель повара MJ6590-TRENDLITE-00/81"
3806; "2001459873267"; "42R-PP-15|44-46_170-176"; "Полукомбинезон 42R-PP-15"
3807; "2001459873250"; "42R-PP-15|44-46_158-164"; "Полукомбинезон 42R-PP-15"
3808; "2001459873274"; "42R-PP-15|64-66_182-188"; "Полукомбинезон 42R-PP-15"
3809; "2001459873281"; "42R-PP-15|64-66_194-200"; "Полукомбинезон 42R-PP-15"
3810; "2001459871805"; "42R-TWILL-15|64-66_182-188"; "Полукомбинезон 42R-TWILL-15"
3811; "2001459871744"; "42R-TWILL-15|44-46_158-164"; "Полукомбинезон 42R-TWILL-15"
3812; "2001459871751"; "42R-TWILL-15|44-46_170-176"; "Полукомбинезон 42R-TWILL-15"
3813; "2001459871768"; "42R-TWILL-15|52-54_170-176"; "Полукомбинезон 42R-TWILL-15"
3814; "2001459871775"; "42R-TWILL-15|56-58_170-176"; "Полукомбинезон 42R-TWILL-15"
3815; "2001459871782"; "42R-TWILL-15|56-58_182-188"; "Полукомбинезон 42R-TWILL-15"
3816; "2001459871812"; "42R-TWILL-15|64-66_194-200"; "Полукомбинезон 42R-TWILL-15"
3817; "2001459871829"; "42R-TWILL-15|68-70_182-188"; "Полукомбинезон 42R-TWILL-15"
3818; "2001459871836"; "42R-TWILL-15|68-70_194-200"; "Полукомбинезон 42R-TWILL-15"
3823; "2001459872383"; "42R-TWILL-90|64-66_182-188"; "Полукомбинезон 42R-TWILL-90"
3824; "2001459872338"; "42R-TWILL-90|44-46_170-176"; "Полукомбинезон 42R-TWILL-90"
3825; "2001459872345"; "42R-TWILL-90|44-46_182-188"; "Полукомбинезон 42R-TWILL-90"
3826; "2001459872352"; "42R-TWILL-90|52-54_170-176"; "Полукомбинезон 42R-TWILL-90"
3828; "2001459872369"; "42R-TWILL-90|56-58_170-176"; "Полукомбинезон 42R-TWILL-90"
3829; "2001459872376"; "42R-TWILL-90|56-58_182-188"; "Полукомбинезон 42R-TWILL-90"
3830; "2001459872420"; "42R-TWILL-90|64-66_194-200"; "Полукомбинезон 42R-TWILL-90"
3831; "2001459872482"; "42R-TWILL-90|68-70_182-188"; "Полукомбинезон 42R-TWILL-90"
3832; "2001459872529"; "42R-TWILL-90|68-70_194-200"; "Полукомбинезон 42R-TWILL-90"
4151; "2001459862315"; "55T-FAS-22/15|44-46_158-164"; "Полукомбинезон 55T-FAS-22/15"
4152; "2001459862322"; "55T-FAS-22/15|44-46_170-176"; "Полукомбинезон 55T-FAS-22/15"
4154; "2001459862339"; "55T-FAS-22/15|48-50_170-176"; "Полукомбинезон 55T-FAS-22/15"
4155; "2001459862346"; "55T-FAS-22/15|48-50_182-188"; "Полукомбинезон 55T-FAS-22/15"
4156; "2001459862353"; "55T-FAS-22/15|52-54_170-176"; "Полукомбинезон 55T-FAS-22/15"
4157; "2001459862360"; "55T-FAS-22/15|52-54_182-188"; "Полукомбинезон 55T-FAS-22/15"
4158; "2001459862377"; "55T-FAS-22/15|56-58_170-176"; "Полукомбинезон 55T-FAS-22/15"
4159; "2001459862384"; "55T-FAS-22/15|56-58_182-188"; "Полукомбинезон 55T-FAS-22/15"
4209; "2001459862520"; "71KA-FAS-14|62_200"; "Полукомбинезон 71KA-FAS-14"
4257; "2001459861448"; "71T-FAS-22|50_194"; "Полукомбинезон 71T-FAS-22"
4293; "2001459862308"; "71T-FAS-24|64_200"; "Полукомбинезон 71T-FAS-24"
4362; "2001459869116"; "71T-MU-R-15|48-50_170-176"; "Полукомбинезон 71T-MU-R-15"
4397; "2001459823811"; "71T-P154-R-15|48-50_182-188"; "Полукомбинезон 71T-P154-R-15"
4398; "2001459849835"; "71T-P154-R-15|44-46_170-176"; "Полукомбинезон 71T-P154-R-15"
4399; "2001459823828"; "71T-P154-R-15|52-54_170-176"; "Полукомбинезон 71T-P154-R-15"
4400; "2001459823835"; "71T-P154-R-15|52-54_182-188"; "Полукомбинезон 71T-P154-R-15"
4401; "2001459823859"; "71T-P154-R-15|56-58_182-188"; "Полукомбинезон 71T-P154-R-15"
4409; "2001459823125"; "71T-P154-R-21|52-54_170-176"; "Полукомбинезон 71T-P154-R-21"
4410; "2001459850022"; "71T-P154-R-24|48-50_182-188"; "Полукомбинезон 71T-P154-R-24"
4411; "2000132300014"; "71T-TOMBOY-58|56_176"; "Полукомбинезон 71T-TOMBOY-58"
4531; "2000459740029"; "84S-TOMBOY-15|42_164"; "Полукомбинезон 84S-TOMBOY-15"
4532; "2000451730028"; "84S-TOMBOY-15|46_170"; "Полукомбинезон 84S-TOMBOY-15"
4533; "2000451740027"; "84S-TOMBOY-15|50_176"; "Полукомбинезон 84S-TOMBOY-15"
4534; "2000459750028"; "84S-TOMBOY-15|50_182"; "Полукомбинезон 84S-TOMBOY-15"
4535; "2000470080029"; "84S-TOMBOY-15|62_182"; "Полукомбинезон 84S-TOMBOY-15"
4584; "2000505380018"; "91KR-FLAM-15/14|60_182"; "Полукомбинезон сварщика летний 91KR-FLAM-15/14"
4589; "2001459858417"; "1315-SATORI-87|48-50_170"; "Рубашка женская 1315-SATORI-87"
4590; "2001459858424"; "1315-ULTRA-00|48-50_170"; "Рубашка женская 1315-ULTRA-00"
4591; "2001459858431"; "315-SATORI-10|52-54_176"; "Рубашка мужская 315-SATORI-10"
4592; "2001459858448"; "315-ULTRA-00|52-54_176"; "Рубашка мужская 315-ULTRA-00"
4596; "2000153630022"; "757-PHK-14/15|64-66_176"; "Свитер 757-PHK-14/15"
4597; "2000153510027"; "757-PHK-14/15|44-46_170"; "Свитер 757-PHK-14/15"
4598; "2000153520026"; "757-PHK-14/15|44-46_176"; "Свитер 757-PHK-14/15"
4599; "2000153530025"; "757-PHK-14/15|44-46_182"; "Свитер 757-PHK-14/15"
4600; "2000153610024"; "757-PHK-14/15|60-62_176"; "Свитер 757-PHK-14/15"
4601; "2000153640021"; "757-PHK-14/15|64-66_182"; "Свитер 757-PHK-14/15"
4612; "2000013790019"; "111-P159-00|50_164"; "Халат женский 111-P159-00"
4613; "2000013810014"; "111-P159-00|50_176"; "Халат женский 111-P159-00"
4614; "2000013820013"; "111-P159-00|50_182"; "Халат женский 111-P159-00"
4615; "2000013910011"; "111-P159-00|56_164"; "Халат женский 111-P159-00"
4630; "2000461320011"; "159-TOMBOY-13|60-62_164-170"; "Халат женский 159-TOMBOY-13"
4631; "2000047310016"; "163-P154-12|48-50_170"; "Халат женский 163-P154-12"
4637; "2000468800011"; "UJ6840-P159-00/81|56-58_176"; "Халат женский UJ6840-P159-00/81"
4646; "2000443560015"; "169HS-TOMBOY-00|44-46_176"; "Халат мужской 169HS-TOMBOY-00"
4647; "2000443570014"; "169HS-TOMBOY-00|48-50_164"; "Халат мужской 169HS-TOMBOY-00"
4648; "2000484220015"; "169HS-TOMBOY-00|64-66_182"; "Халат мужской 169HS-TOMBOY-00"
4913; "2001459858387"; "722S-ULTRA-00|52-54_176"; "Блуза пекаря 722S-ULTRA-00"
4914; "2001459858394"; "723S-SATORI-00|52-54_176"; "Блуза пекаря 723S-SATORI-00"
4929; "2001459835371"; "1K016-537-001|32"; "Бриджи Image Wear 1K016-537-001"
4930; "2001459835388"; "1K016-537-001|34"; "Бриджи Image Wear 1K016-537-001"
4931; "2001459835395"; "1K016-537-001|36"; "Бриджи Image Wear 1K016-537-001"
4932; "2001459835401"; "1K016-537-001|38"; "Бриджи Image Wear 1K016-537-001"
4933; "2001459835418"; "1K016-537-001|42"; "Бриджи Image Wear 1K016-537-001"
4934; "2001459835425"; "1K016-537-001|48"; "Бриджи Image Wear 1K016-537-001"
4935; "2001459835432"; "1K016-537-001|50"; "Бриджи Image Wear 1K016-537-001"
5135; "2001459877265"; "7013-565-775|58_182"; "Комбинезон 7013-565-775"
5145; "2001459883303"; "8013OX-565-775|46_176"; "Комбинезон 8013OX-565-775"
5146; "2001459883112"; "8013OX-565-775|56_188"; "Комбинезон 8013OX-565-775"
5147; "2001459883129"; "8013OX-565-775|58_188"; "Комбинезон 8013OX-565-775"
5148; "2001459869383"; "830-EASN-14|48-50_170"; "Комбинезон 830-EASN-14"
5149; "2001459869390"; "830-EASN-14|48-50_176"; "Комбинезон 830-EASN-14"
5150; "2001459869406"; "830-EASN-14|48-50_182"; "Комбинезон 830-EASN-14"
5151; "2001459869413"; "830-EASN-14|52-54_176"; "Комбинезон 830-EASN-14"
5152; "2001459869420"; "830-EASN-14|52-54_182"; "Комбинезон 830-EASN-14"
5153; "2001459869437"; "830-EASN-14|52-54_188"; "Комбинезон 830-EASN-14"
5220; "2001459840344"; "8367-565-750|62_200"; "Комбинезон 8367-565-750"
5221; "2001459840351"; "8367-565-750|64_200"; "Комбинезон 8367-565-750"
5222; "2001459845813"; "8367-565-750|66_200"; "Комбинезон 8367-565-750"
5245; "2001459842898"; "64725-412B-750|44_170"; "Комбинезон Image Wear 64725-412B-750"
5246; "2001459842843"; "64725-412B-750|46_170"; "Комбинезон Image Wear 64725-412B-750"
5247; "2001459842881"; "64725-412B-750|60_188"; "Комбинезон Image Wear 64725-412B-750"
5248; "2001459842867"; "64725-412B-750|62_188"; "Комбинезон Image Wear 64725-412B-750"
5249; "2001459842874"; "64725-412B-750|64_188"; "Комбинезон Image Wear 64725-412B-750"
5250; "2001459842850"; "64725-412B-750|66_194"; "Комбинезон Image Wear 64725-412B-750"
5280; "2001459855256"; "314-TOMBOY-13|56-58_200"; "Куртка 314-TOMBOY-13"
5363; "2001459839454"; "41104-500-556|42"; "Куртка женская Image Wear 41104-500-556"
5364; "2001459839461"; "41104-500-556|44"; "Куртка женская Image Wear 41104-500-556"
5365; "2001459839478"; "41104-500-556|52"; "Куртка женская Image Wear 41104-500-556"
5366; "2001459839485"; "41104-500-556|56"; "Куртка женская Image Wear 41104-500-556"
5387; "2001459840108"; "8003-845-001|58"; "Куртка Image Wear 8003-845-001"
5464; "2001459840597"; "8889N-765-775|52"; "Полукомбинезон Image Wear 8889N-765-775"
5488; "2000484740018"; "FB8510-TRENDLITE-00|44_164"; "Рубашка женская FB8510-TRENDLITE-00"
5489; "2000484750017"; "FB8510-TRENDLITE-00|46_164"; "Рубашка женская FB8510-TRENDLITE-00"
5490; "2000484760016"; "FB8510-TRENDLITE-00|48_170"; "Рубашка женская FB8510-TRENDLITE-00"
5491; "2000484770015"; "FB8510-TRENDLITE-00|50_170"; "Рубашка женская FB8510-TRENDLITE-00"
5492; "2000484780014"; "FB8510-TRENDLITE-00|52_170"; "Рубашка женская FB8510-TRENDLITE-00"
5493; "2000484810018"; "FB8510-TRENDLITE-00|58_170"; "Рубашка женская FB8510-TRENDLITE-00"
5494; "2000484820017"; "FB8510-TRENDLITE-00|60_176"; "Рубашка женская FB8510-TRENDLITE-00"
5495; "2000484830016"; "FB8510-TRENDLITE-00|62_176"; "Рубашка женская FB8510-TRENDLITE-00"
5496; "2000484840015"; "FB8510-TRENDLITE-00|64_176"; "Рубашка женская FB8510-TRENDLITE-00"
5497; "2000512360027"; "FB8510-TRENDLITE-00|66_176"; "Рубашка женская FB8510-TRENDLITE-00"
5498; "2000484920014"; "FB8520-TRENDLITE-00|42_164"; "Рубашка женская FB8520-TRENDLITE-00"
5499; "2000484930013"; "FB8520-TRENDLITE-00|44_164"; "Рубашка женская FB8520-TRENDLITE-00"
5500; "2000484990017"; "FB8520-TRENDLITE-00|56_170"; "Рубашка женская FB8520-TRENDLITE-00"
5501; "2000485180028"; "FB8520-TRENDLITE-00|64_176"; "Рубашка женская FB8520-TRENDLITE-00"
5502; "2000489020016"; "FB8520-TRENDLITE-00|66_176"; "Рубашка женская FB8520-TRENDLITE-00"
5503; "2000489030015"; "FB8520-TRENDLITE-00|70_176"; "Рубашка женская FB8520-TRENDLITE-00"
5529; "2001459841686"; "8026N-550-001|62"; "Рубашка повара 8026N-550-001"
5533; "2000153320022"; "757-PHM-14/14|44-46_164"; "Свитер 757-PHM-14/14"
5534; "2000153330021"; "757-PHM-14/14|44-46_170"; "Свитер 757-PHM-14/14"
5535; "2000153340020"; "757-PHM-14/14|44-46_176"; "Свитер 757-PHM-14/14"
5536; "2000153350029"; "757-PHM-14/14|44-46_182"; "Свитер 757-PHM-14/14"
5537; "2000153360028"; "757-PHM-14/14|48-50_164"; "Свитер 757-PHM-14/14"
5538; "2000153400021"; "757-PHM-14/14|52-54_164"; "Свитер 757-PHM-14/14"
5539; "2000153410020"; "757-PHM-14/14|52-54_170"; "Свитер 757-PHM-14/14"
5540; "2000153440027"; "757-PHM-14/14|56-58_170"; "Свитер 757-PHM-14/14"
5541; "2000153470024"; "757-PHM-14/14|60-62_176"; "Свитер 757-PHM-14/14"
5542; "2000153490015"; "757-PHM-14/14|64-66_176"; "Свитер 757-PHM-14/14"
5562; "2001459843970"; "46726-000-820|S"; "Футболка Image Wear 46726-000-820"
5569; "2001459829578"; "104-TOMBOY-00|44-46_164"; "Халат мужской 104-TOMBOY-00"
5570; "2001459829530"; "104-TOMBOY-00|44-46_170"; "Халат мужской 104-TOMBOY-00"
5571; "2001459829585"; "104-TOMBOY-00|44-46_176"; "Халат мужской 104-TOMBOY-00"
5572; "2001459873434"; "104-TOMBOY-00|56-58_176"; "Халат мужской 104-TOMBOY-00"
5573; "2001459837887"; "46420-500-001|44"; "Халат мужской 46420-500-001"
5574; "2001459837894"; "46420-500-001|46"; "Халат мужской 46420-500-001"
10316; "2001459858370"; "722S-SATORI-00|52-54_176"; "Блуза пекаря 722S-SATORI-00"
10317; "2001459858400"; "723S-ULTRA-00|52-54_176"; "Блуза пекаря 723S-ULTRA-00"
10598; "2001459884027"; "511N-FAS-14/16|48-50_170-176"; "Жилет 511N-FAS-14/16"
10605; "2001459884041"; "511N-FAS-14/16|52-54_170-176"; "Жилет 511N-FAS-14/16"
10608; "2001459884065"; "511N-FAS-14/16|56-58_182-188"; "Жилет 511N-FAS-14/16"
